"Nom_site","treatment_site","treatment","contamination","control_site","control_treatment","control_contamination","indicator","raw_treatment","raw_control","LRR","framework","score_treatment","score_control","delta_score"
"QualiAgro","B09BIO","BIO","non","B09TEM","TEM","non","RSr",4,5.99999999921906,-0.405465107978008,"RMQS_Biodiversite",2,3,-1
"QualiAgro","B09BIO","BIO","non","B09TEM","TEM","non","RSr",4,5.99999999921906,-0.405465107978008,"RMQS_BioDiv_Bretagne",1,2,-1
"QualiAgro","B09BIO","BIO","non","B09TEM","TEM","non","RSr",4,5.99999999921906,-0.405465107978008,"ANDRA",1,1,0
"QualiAgro","B09BIO","BIO","non","B09TEM","TEM","non","RSr",4,5.99999999921906,-0.405465107978008,"TIGA_rural",2,2,0
"QualiAgro","B09DUB","DUB","non","B09TEM","TEM","non","RSr",7.99999816602686,5.99999999921906,0.287681843335269,"RMQS_Biodiversite",4,3,1
"QualiAgro","B09DUB","DUB","non","B09TEM","TEM","non","RSr",7.99999816602686,5.99999999921906,0.287681843335269,"RMQS_BioDiv_Bretagne",3,2,1
"QualiAgro","B09DUB","DUB","non","B09TEM","TEM","non","RSr",7.99999816602686,5.99999999921906,0.287681843335269,"ANDRA",3,1,2
"QualiAgro","B09DUB","DUB","non","B09TEM","TEM","non","RSr",7.99999816602686,5.99999999921906,0.287681843335269,"TIGA_rural",4,2,2
"QualiAgro","B09FUM","FUM","non","B09TEM","TEM","non","RSr",6,5.99999999921906,1.30156330149645e-10,"RMQS_Biodiversite",4,3,1
"QualiAgro","B09FUM","FUM","non","B09TEM","TEM","non","RSr",6,5.99999999921906,1.30156330149645e-10,"RMQS_BioDiv_Bretagne",2,2,0
"QualiAgro","B09FUM","FUM","non","B09TEM","TEM","non","RSr",6,5.99999999921906,1.30156330149645e-10,"ANDRA",2,1,1
"QualiAgro","B09FUM","FUM","non","B09TEM","TEM","non","RSr",6,5.99999999921906,1.30156330149645e-10,"TIGA_rural",3,2,1
"QualiAgro","B09OMR","OMR","non","B09TEM","TEM","non","RSr",2,5.99999999921906,-1.09861228853795,"RMQS_Biodiversite",1,3,-2
"QualiAgro","B09OMR","OMR","non","B09TEM","TEM","non","RSr",2,5.99999999921906,-1.09861228853795,"RMQS_BioDiv_Bretagne",1,2,-1
"QualiAgro","B09OMR","OMR","non","B09TEM","TEM","non","RSr",2,5.99999999921906,-1.09861228853795,"ANDRA",1,1,0
"QualiAgro","B09OMR","OMR","non","B09TEM","TEM","non","RSr",2,5.99999999921906,-1.09861228853795,"TIGA_rural",1,2,-1
"QualiAgro","B09BIO","BIO","non","B09TEM","TEM","non","ab",1415,2563,-0.594048916286733,"RMQS_Biodiversite",2,3,-1
"QualiAgro","B09BIO","BIO","non","B09TEM","TEM","non","ab",1415,2563,-0.594048916286733,"RMQS_BioDiv_Bretagne",1,1,0
"QualiAgro","B09BIO","BIO","non","B09TEM","TEM","non","ab",1415,2563,-0.594048916286733,"ANDRA",2,2,0
"QualiAgro","B09BIO","BIO","non","B09TEM","TEM","non","ab",1415,2563,-0.594048916286733,"TIGA_rural",2,2,0
"QualiAgro","B09DUB","DUB","non","B09TEM","TEM","non","ab",3270,2563,0.243611537527228,"RMQS_Biodiversite",4,3,1
"QualiAgro","B09DUB","DUB","non","B09TEM","TEM","non","ab",3270,2563,0.243611537527228,"RMQS_BioDiv_Bretagne",2,1,1
"QualiAgro","B09DUB","DUB","non","B09TEM","TEM","non","ab",3270,2563,0.243611537527228,"ANDRA",3,2,1
"QualiAgro","B09DUB","DUB","non","B09TEM","TEM","non","ab",3270,2563,0.243611537527228,"TIGA_rural",3,2,1
"QualiAgro","B09FUM","FUM","non","B09TEM","TEM","non","ab",971,2563,-0.970607258072746,"RMQS_Biodiversite",1,3,-2
"QualiAgro","B09FUM","FUM","non","B09TEM","TEM","non","ab",971,2563,-0.970607258072746,"RMQS_BioDiv_Bretagne",1,1,0
"QualiAgro","B09FUM","FUM","non","B09TEM","TEM","non","ab",971,2563,-0.970607258072746,"ANDRA",1,2,-1
"QualiAgro","B09FUM","FUM","non","B09TEM","TEM","non","ab",971,2563,-0.970607258072746,"TIGA_rural",1,2,-1
"QualiAgro","B09OMR","OMR","non","B09TEM","TEM","non","ab",442,2563,-1.75762384428637,"RMQS_Biodiversite",1,3,-2
"QualiAgro","B09OMR","OMR","non","B09TEM","TEM","non","ab",442,2563,-1.75762384428637,"RMQS_BioDiv_Bretagne",1,1,0
"QualiAgro","B09OMR","OMR","non","B09TEM","TEM","non","ab",442,2563,-1.75762384428637,"ANDRA",1,2,-1
"QualiAgro","B09OMR","OMR","non","B09TEM","TEM","non","ab",442,2563,-1.75762384428637,"TIGA_rural",1,2,-1
"Thil","B10THLA","labour 15cm","non","B10THLT","labour 30cm","non","RSr",8.99069639768162,12.8790411819595,-0.359410966436571,"RMQS_Biodiversite",5,5,0
"Thil","B10THLA","labour 15cm","non","B10THLT","labour 30cm","non","RSr",8.99069639768162,12.8790411819595,-0.359410966436571,"RMQS_BioDiv_Bretagne",3,5,-2
"Thil","B10THLA","labour 15cm","non","B10THLT","labour 30cm","non","RSr",8.99069639768162,12.8790411819595,-0.359410966436571,"ANDRA",3,5,-2
"Thil","B10THLA","labour 15cm","non","B10THLT","labour 30cm","non","RSr",8.99069639768162,12.8790411819595,-0.359410966436571,"TIGA_rural",4,5,-1
"Thil","B10THTR","réduit 15cm","non","B10THLT","labour 30cm","non","RSr",11.9983426509358,12.8790411819595,-0.0708327476832018,"RMQS_Biodiversite",5,5,0
"Thil","B10THTR","réduit 15cm","non","B10THLT","labour 30cm","non","RSr",11.9983426509358,12.8790411819595,-0.0708327476832018,"RMQS_BioDiv_Bretagne",5,5,0
"Thil","B10THTR","réduit 15cm","non","B10THLT","labour 30cm","non","RSr",11.9983426509358,12.8790411819595,-0.0708327476832018,"ANDRA",5,5,0
"Thil","B10THTR","réduit 15cm","non","B10THLT","labour 30cm","non","RSr",11.9983426509358,12.8790411819595,-0.0708327476832018,"TIGA_rural",5,5,0
"Thil","B10THTS","réduit 7cm","non","B10THLT","labour 30cm","non","RSr",9.99535556235837,12.8790411819595,-0.253480734168316,"RMQS_Biodiversite",5,5,0
"Thil","B10THTS","réduit 7cm","non","B10THLT","labour 30cm","non","RSr",9.99535556235837,12.8790411819595,-0.253480734168316,"RMQS_BioDiv_Bretagne",4,5,-1
"Thil","B10THTS","réduit 7cm","non","B10THLT","labour 30cm","non","RSr",9.99535556235837,12.8790411819595,-0.253480734168316,"ANDRA",4,5,-1
"Thil","B10THTS","réduit 7cm","non","B10THLT","labour 30cm","non","RSr",9.99535556235837,12.8790411819595,-0.253480734168316,"TIGA_rural",5,5,0
"Thil","B10THLA","labour 15cm","non","B10THLT","labour 30cm","non","ab",8489,12822,-0.412391237809235,"RMQS_Biodiversite",5,5,0
"Thil","B10THLA","labour 15cm","non","B10THLT","labour 30cm","non","ab",8489,12822,-0.412391237809235,"RMQS_BioDiv_Bretagne",3,4,-1
"Thil","B10THLA","labour 15cm","non","B10THLT","labour 30cm","non","ab",8489,12822,-0.412391237809235,"ANDRA",5,5,0
"Thil","B10THLA","labour 15cm","non","B10THLT","labour 30cm","non","ab",8489,12822,-0.412391237809235,"TIGA_rural",5,5,0
"Thil","B10THTR","réduit 15cm","non","B10THLT","labour 30cm","non","ab",5568,12822,-0.834126522532947,"RMQS_Biodiversite",4,5,-1
"Thil","B10THTR","réduit 15cm","non","B10THLT","labour 30cm","non","ab",5568,12822,-0.834126522532947,"RMQS_BioDiv_Bretagne",3,4,-1
"Thil","B10THTR","réduit 15cm","non","B10THLT","labour 30cm","non","ab",5568,12822,-0.834126522532947,"ANDRA",4,5,-1
"Thil","B10THTR","réduit 15cm","non","B10THLT","labour 30cm","non","ab",5568,12822,-0.834126522532947,"TIGA_rural",4,5,-1
"Thil","B10THTS","réduit 7cm","non","B10THLT","labour 30cm","non","ab",7161,12822,-0.582512809540263,"RMQS_Biodiversite",5,5,0
"Thil","B10THTS","réduit 7cm","non","B10THLT","labour 30cm","non","ab",7161,12822,-0.582512809540263,"RMQS_BioDiv_Bretagne",3,4,-1
"Thil","B10THTS","réduit 7cm","non","B10THLT","labour 30cm","non","ab",7161,12822,-0.582512809540263,"ANDRA",4,5,-1
"Thil","B10THTS","réduit 7cm","non","B10THLT","labour 30cm","non","ab",7161,12822,-0.582512809540263,"TIGA_rural",5,5,0
"Yvetot","B10YVPP","prair perm","non","B10YVGC","blé","non","RSr",4,4.99999994553415,-0.223143540421039,"RMQS_Biodiversite",2,3,-1
"Yvetot","B10YVPP","prair perm","non","B10YVGC","blé","non","RSr",4,4.99999994553415,-0.223143540421039,"RMQS_BioDiv_Bretagne",1,2,-1
"Yvetot","B10YVPP","prair perm","non","B10YVGC","blé","non","RSr",4,4.99999994553415,-0.223143540421039,"ANDRA",1,1,0
"Yvetot","B10YVPP","prair perm","non","B10YVGC","blé","non","RSr",4,4.99999994553415,-0.223143540421039,"TIGA_rural",2,2,0
"Yvetot","B10YVSI","prair rest 1","non","B10YVGC","blé","non","RSr",2.99999999999999,4.99999994553415,-0.510825612872824,"RMQS_Biodiversite",1,3,-2
"Yvetot","B10YVSI","prair rest 1","non","B10YVGC","blé","non","RSr",2.99999999999999,4.99999994553415,-0.510825612872824,"RMQS_BioDiv_Bretagne",1,2,-1
"Yvetot","B10YVSI","prair rest 1","non","B10YVGC","blé","non","RSr",2.99999999999999,4.99999994553415,-0.510825612872824,"ANDRA",1,1,0
"Yvetot","B10YVSI","prair rest 1","non","B10YVGC","blé","non","RSr",2.99999999999999,4.99999994553415,-0.510825612872824,"TIGA_rural",1,2,-1
"Yvetot","B10YVSII","prair rest 2","non","B10YVGC","blé","non","RSr",5.99999315079364,4.99999994553415,0.182320426152081,"RMQS_Biodiversite",3,3,0
"Yvetot","B10YVSII","prair rest 2","non","B10YVGC","blé","non","RSr",5.99999315079364,4.99999994553415,0.182320426152081,"RMQS_BioDiv_Bretagne",2,2,0
"Yvetot","B10YVSII","prair rest 2","non","B10YVGC","blé","non","RSr",5.99999315079364,4.99999994553415,0.182320426152081,"ANDRA",1,1,0
"Yvetot","B10YVSII","prair rest 2","non","B10YVGC","blé","non","RSr",5.99999315079364,4.99999994553415,0.182320426152081,"TIGA_rural",2,2,0
"Yvetot","B10YVSIII","blé","non","B10YVGC","blé","non","RSr",0,4.99999994553415,,"RMQS_Biodiversite",0,3,-3
"Yvetot","B10YVSIII","blé","non","B10YVGC","blé","non","RSr",0,4.99999994553415,,"RMQS_BioDiv_Bretagne",0,2,-2
"Yvetot","B10YVSIII","blé","non","B10YVGC","blé","non","RSr",0,4.99999994553415,,"ANDRA",1,1,0
"Yvetot","B10YVSIII","blé","non","B10YVGC","blé","non","RSr",0,4.99999994553415,,"TIGA_rural",1,2,-1
"Yvetot","B10YVSIV","prair temp","non","B10YVGC","blé","non","RSr",8.92318471557118,4.99999994553415,0.579215012224255,"RMQS_Biodiversite",5,3,2
"Yvetot","B10YVSIV","prair temp","non","B10YVGC","blé","non","RSr",8.92318471557118,4.99999994553415,0.579215012224255,"RMQS_BioDiv_Bretagne",3,2,1
"Yvetot","B10YVSIV","prair temp","non","B10YVGC","blé","non","RSr",8.92318471557118,4.99999994553415,0.579215012224255,"ANDRA",3,1,2
"Yvetot","B10YVSIV","prair temp","non","B10YVGC","blé","non","RSr",8.92318471557118,4.99999994553415,0.579215012224255,"TIGA_rural",4,2,2
"Yvetot","B10YVPP","prair perm","non","B10YVGC","blé","non","ab",441,2828,-1.85828015156962,"RMQS_Biodiversite",1,3,-2
"Yvetot","B10YVPP","prair perm","non","B10YVGC","blé","non","ab",441,2828,-1.85828015156962,"RMQS_BioDiv_Bretagne",1,2,-1
"Yvetot","B10YVPP","prair perm","non","B10YVGC","blé","non","ab",441,2828,-1.85828015156962,"ANDRA",1,2,-1
"Yvetot","B10YVPP","prair perm","non","B10YVGC","blé","non","ab",441,2828,-1.85828015156962,"TIGA_rural",1,3,-2
"Yvetot","B10YVSI","prair rest 1","non","B10YVGC","blé","non","ab",4509,2828,0.466505651404621,"RMQS_Biodiversite",4,3,1
"Yvetot","B10YVSI","prair rest 1","non","B10YVGC","blé","non","ab",4509,2828,0.466505651404621,"RMQS_BioDiv_Bretagne",2,2,0
"Yvetot","B10YVSI","prair rest 1","non","B10YVGC","blé","non","ab",4509,2828,0.466505651404621,"ANDRA",3,2,1
"Yvetot","B10YVSI","prair rest 1","non","B10YVGC","blé","non","ab",4509,2828,0.466505651404621,"TIGA_rural",4,3,1
"Yvetot","B10YVSII","prair rest 2","non","B10YVGC","blé","non","ab",7782,2828,1.01224362652804,"RMQS_Biodiversite",5,3,2
"Yvetot","B10YVSII","prair rest 2","non","B10YVGC","blé","non","ab",7782,2828,1.01224362652804,"RMQS_BioDiv_Bretagne",3,2,1
"Yvetot","B10YVSII","prair rest 2","non","B10YVGC","blé","non","ab",7782,2828,1.01224362652804,"ANDRA",4,2,2
"Yvetot","B10YVSII","prair rest 2","non","B10YVGC","blé","non","ab",7782,2828,1.01224362652804,"TIGA_rural",5,3,2
"Yvetot","B10YVSIII","blé","non","B10YVGC","blé","non","ab",88,2828,-3.46998821253826,"RMQS_Biodiversite",0,3,-3
"Yvetot","B10YVSIII","blé","non","B10YVGC","blé","non","ab",88,2828,-3.46998821253826,"RMQS_BioDiv_Bretagne",0,2,-2
"Yvetot","B10YVSIII","blé","non","B10YVGC","blé","non","ab",88,2828,-3.46998821253826,"ANDRA",1,2,-1
"Yvetot","B10YVSIII","blé","non","B10YVGC","blé","non","ab",88,2828,-3.46998821253826,"TIGA_rural",1,3,-2
"Yvetot","B10YVSIV","prair temp","non","B10YVGC","blé","non","ab",13794,2828,1.58466396697477,"RMQS_Biodiversite",5,3,2
"Yvetot","B10YVSIV","prair temp","non","B10YVGC","blé","non","ab",13794,2828,1.58466396697477,"RMQS_BioDiv_Bretagne",4,2,2
"Yvetot","B10YVSIV","prair temp","non","B10YVGC","blé","non","ab",13794,2828,1.58466396697477,"ANDRA",5,2,3
"Yvetot","B10YVSIV","prair temp","non","B10YVGC","blé","non","ab",13794,2828,1.58466396697477,"TIGA_rural",5,3,2
"MetalEurope","B09M103C","103","oui","B09MTEC","T","non","RSr",10.3112386898104,3,1.23462214664548,"RMQS_Biodiversite",5,1,4
"MetalEurope","B09M103C","103","oui","B09MTEC","T","non","RSr",10.3112386898104,3,1.23462214664548,"RMQS_BioDiv_Bretagne",5,1,4
"MetalEurope","B09M103C","103","oui","B09MTEC","T","non","RSr",10.3112386898104,3,1.23462214664548,"ANDRA",4,1,3
"MetalEurope","B09M103C","103","oui","B09MTEC","T","non","RSr",10.3112386898104,3,1.23462214664548,"TIGA_rural",5,1,4
"MetalEurope","B09M117C","117","oui","B09MTEC","T","non","RSr",7.9999999980057,3,0.980829252762439,"RMQS_Biodiversite",4,1,3
"MetalEurope","B09M117C","117","oui","B09MTEC","T","non","RSr",7.9999999980057,3,0.980829252762439,"RMQS_BioDiv_Bretagne",3,1,2
"MetalEurope","B09M117C","117","oui","B09MTEC","T","non","RSr",7.9999999980057,3,0.980829252762439,"ANDRA",3,1,2
"MetalEurope","B09M117C","117","oui","B09MTEC","T","non","RSr",7.9999999980057,3,0.980829252762439,"TIGA_rural",4,1,3
"MetalEurope","B09M103C","103","oui","B09MTEC","T","non","ab",28650,883,3.47958352153893,"RMQS_Biodiversite",5,1,4
"MetalEurope","B09M103C","103","oui","B09MTEC","T","non","ab",28650,883,3.47958352153893,"RMQS_BioDiv_Bretagne",5,1,4
"MetalEurope","B09M103C","103","oui","B09MTEC","T","non","ab",28650,883,3.47958352153893,"ANDRA",5,1,4
"MetalEurope","B09M103C","103","oui","B09MTEC","T","non","ab",28650,883,3.47958352153893,"TIGA_rural",5,1,4
"MetalEurope","B09M117C","117","oui","B09MTEC","T","non","ab",2386,883,0.994048402053901,"RMQS_Biodiversite",3,1,2
"MetalEurope","B09M117C","117","oui","B09MTEC","T","non","ab",2386,883,0.994048402053901,"RMQS_BioDiv_Bretagne",1,1,0
"MetalEurope","B09M117C","117","oui","B09MTEC","T","non","ab",2386,883,0.994048402053901,"ANDRA",2,1,1
"MetalEurope","B09M117C","117","oui","B09MTEC","T","non","ab",2386,883,0.994048402053901,"TIGA_rural",2,1,1
