"indicator","boundary","framework_1","framework_2","median_difference","q025","q975","probability_difference_gt_0"
"RSr","q00","RMQS_Biodiversite","RMQS_BioDiv_Bretagne",0,-1.99999998880461,0,0
"RSr","q100","RMQS_Biodiversite","RMQS_BioDiv_Bretagne",0.404729299930333,0.404729299930333,1.25329715588741,1
"RSr","q20","RMQS_Biodiversite","RMQS_BioDiv_Bretagne",-0.999998741332297,-1.99999986069633,-3.5527136788005e-15,0.003
"RSr","q40","RMQS_Biodiversite","RMQS_BioDiv_Bretagne",-2.60005505920829,-3.00000964818887,-1.5489287942933,0
"RSr","q60","RMQS_Biodiversite","RMQS_BioDiv_Bretagne",-2.99940479401753,-3.7348414758478,-2.97170854848501,0
"RSr","q80","RMQS_Biodiversite","RMQS_BioDiv_Bretagne",-1.99999776534741,-2.98872386305811,-1.93014797112049,0
"ab","q00","RMQS_Biodiversite","RMQS_BioDiv_Bretagne",0,-708,0,0
"ab","q100","RMQS_Biodiversite","RMQS_BioDiv_Bretagne",-14857,-14857,-11082,0
"ab","q20","RMQS_Biodiversite","RMQS_BioDiv_Bretagne",-1368,-1934.4,-871.8,0
"ab","q40","RMQS_Biodiversite","RMQS_BioDiv_Bretagne",-2878.8,-4244.4,-1746,0
"ab","q60","RMQS_Biodiversite","RMQS_BioDiv_Bretagne",-6768.4,-8255,-3891,0
"ab","q80","RMQS_Biodiversite","RMQS_BioDiv_Bretagne",-12734.4,-15681.6,-8677.2,0
"RSr","q00","RMQS_Biodiversite","ANDRA",1,-1,1,0.645
"RSr","q100","RMQS_Biodiversite","ANDRA",-3.99673130300286,-3.99673130300286,0.000718876149495173,0.05
"RSr","q20","RMQS_Biodiversite","ANDRA",-1.99999999999995,-2,-1.99998077240967,0
"RSr","q40","RMQS_Biodiversite","ANDRA",-2.00000966304046,-3.00000966180939,-1.99993556764225,0
"RSr","q60","RMQS_Biodiversite","ANDRA",-2.9996076838721,-3.83290980604338,-2.00000000000005,0
"RSr","q80","RMQS_Biodiversite","ANDRA",-2.99999915144907,-3.34145769374319,-1.99999976646161,0
"ab","q00","RMQS_Biodiversite","ANDRA",118,-236,118,0.645
"ab","q100","RMQS_Biodiversite","ANDRA",-17096,-17096,12853,0.044
"ab","q20","RMQS_Biodiversite","ANDRA",-165.2,-637.2,118,0.133
"ab","q40","RMQS_Biodiversite","ANDRA",-1204.2,-1651.405,-638,0
"ab","q60","RMQS_Biodiversite","ANDRA",-1981.6,-2949.8,-1085.205,0
"ab","q80","RMQS_Biodiversite","ANDRA",-2193.4,-2901,-754.999999999998,0
"RSr","q00","RMQS_Biodiversite","TIGA_rural",1,-1,1,0.521
"RSr","q100","RMQS_Biodiversite","TIGA_rural",-0.00336354678322515,-2.88149244527902,3.99666374230111,0.383
"RSr","q20","RMQS_Biodiversite","TIGA_rural",-3.5527136788005e-15,-1,0.999999999999996,0.283
"RSr","q40","RMQS_Biodiversite","TIGA_rural",-1.00000966303208,-1.99997684127042,-9.66304046023936e-06,0.003
"RSr","q60","RMQS_Biodiversite","TIGA_rural",-1.19476207872547,-1.99999999998266,-0.199999997234318,0.002
"RSr","q80","RMQS_Biodiversite","TIGA_rural",-0.99999338998612,-1.99831734602133,2.24314513630475e-08,0.056
"ab","q00","RMQS_Biodiversite","TIGA_rural",0,-354,118,0.422
"ab","q100","RMQS_Biodiversite","TIGA_rural",-4361,-75344,17452,0.476
"ab","q20","RMQS_Biodiversite","TIGA_rural",-164.8,-754.21,236,0.237
"ab","q40","RMQS_Biodiversite","TIGA_rural",-613.2,-1322,211,0.05
"ab","q60","RMQS_Biodiversite","TIGA_rural",-1180.4,-2175.285,0.57499999999809,0.025
"ab","q80","RMQS_Biodiversite","TIGA_rural",-1179.2,-4008.8,660.010000000002,0.072
"RSr","q00","RMQS_BioDiv_Bretagne","ANDRA",1,-1,2.99999998880461,0.727
"RSr","q100","RMQS_BioDiv_Bretagne","ANDRA",-4.40146060293319,-4.99549131934985,-0.404010423780838,0.021
"RSr","q20","RMQS_BioDiv_Bretagne","ANDRA",-1.00000125855232,-2,-1.85121613593964e-09,0.016
"RSr","q40","RMQS_BioDiv_Bretagne","ANDRA",-1.1072796493039e-06,-1.02457919316974,1.00000435198793,0.494
"RSr","q60","RMQS_BioDiv_Bretagne","ANDRA",5.92382996078555e-06,-0.883348091114864,0.986736710196746,0.538
"RSr","q80","RMQS_BioDiv_Bretagne","ANDRA",-0.999271192814975,-1.34264043005032,0.354805993473447,0.04
"ab","q00","RMQS_BioDiv_Bretagne","ANDRA",118,-236,826,0.728
"ab","q100","RMQS_BioDiv_Bretagne","ANDRA",-2239,-6014,27710,0.341
"ab","q20","RMQS_BioDiv_Bretagne","ANDRA",1249.2,471.595,1887.2,1
"ab","q40","RMQS_BioDiv_Bretagne","ANDRA",1626.2,446.6,2993.61,0.997
"ab","q60","RMQS_BioDiv_Bretagne","ANDRA",4550.8,1814.395,6414.98,1
"ab","q80","RMQS_BioDiv_Bretagne","ANDRA",10588.4,6737.325,14384.8,1
"RSr","q00","RMQS_BioDiv_Bretagne","TIGA_rural",1,-1,2,0.611
"RSr","q100","RMQS_BioDiv_Bretagne","TIGA_rural",-0.465782493897578,-3.36618037245295,3.59190799154115,0.313
"RSr","q20","RMQS_BioDiv_Bretagne","TIGA_rural",0.845122212333381,-0.999999447530332,1.99999999999999,0.757
"RSr","q40","RMQS_BioDiv_Bretagne","TIGA_rural",1.60006430530823,8.41786415617386e-07,2.9637065069447,0.977
"RSr","q60","RMQS_BioDiv_Bretagne","TIGA_rural",1.80226775133713,0.948861823258181,2.79782095917173,0.999
"RSr","q80","RMQS_BioDiv_Bretagne","TIGA_rural",1.01948497245928,-0.00112917916724196,2.64532927048482,0.974
"ab","q00","RMQS_BioDiv_Bretagne","TIGA_rural",118,-354,708,0.583
"ab","q100","RMQS_BioDiv_Bretagne","TIGA_rural",10496,-63554,30657,0.573
"ab","q20","RMQS_BioDiv_Bretagne","TIGA_rural",1250,400.6,1980.42,0.998
"ab","q40","RMQS_BioDiv_Bretagne","TIGA_rural",2193.3,893.86,3655.61,1
"ab","q60","RMQS_BioDiv_Bretagne","TIGA_rural",5212.2,2428.785,7451.39,1
"ab","q80","RMQS_BioDiv_Bretagne","TIGA_rural",11366.8,7120.025,15211.54,1
"RSr","q00","ANDRA","TIGA_rural",0,-2,2,0.206
"RSr","q100","ANDRA","TIGA_rural",3.06354188657529,-1.88531812768559,7.99336622934503,0.899
"RSr","q20","ANDRA","TIGA_rural",1.99999999975471,0.999987228340761,2.99999999988754,0.997
"RSr","q40","ANDRA","TIGA_rural",1.0000017924642,0.000891608453259218,2.79882100905993,0.994
"RSr","q60","ANDRA","TIGA_rural",1.80068405397437,0.0777212021810098,2.82792467725312,0.998
"RSr","q80","ANDRA","TIGA_rural",2.00000040800552,0.999998231457726,2.99999995718281,1
"ab","q00","ANDRA","TIGA_rural",0,-472,354,0.198
"ab","q100","ANDRA","TIGA_rural",6368,-70747,33485,0.542
"ab","q20","ANDRA","TIGA_rural",23,-659.81,613.21,0.528
"ab","q40","ANDRA","TIGA_rural",614.4,-470.41,1463.595,0.905
"ab","q60","ANDRA","TIGA_rural",754.4,-614.75,2075.825,0.868
"ab","q80","ANDRA","TIGA_rural",907.700000000001,-2454.935,2854.76,0.732
