"framework","score","xmin","xmax","indicator"
"RMQS_Biodiversite","0",0,1,"RSr"
"RMQS_Biodiversite","1",1,4,"RSr"
"RMQS_Biodiversite","2",4,4.99999033695954,"RSr"
"RMQS_Biodiversite","3",4.99999033695954,5.99999999999995,"RSr"
"RMQS_Biodiversite","4",5.99999999999995,7.99999999998955,"RSr"
"RMQS_Biodiversite","5",7.99999999998955,14.9966349261815,"RSr"
"RMQS_Biodiversite","6",14.9966349261815,25,"RSr"
"RMQS_BioDiv_Bretagne","0",0,1,"RSr"
"RMQS_BioDiv_Bretagne","1",1,4.99999909127444,"RSr"
"RMQS_BioDiv_Bretagne","2",4.99999909127444,7.76375301926495,"RSr"
"RMQS_BioDiv_Bretagne","3",7.76375301926495,8.99956905866885,"RSr"
"RMQS_BioDiv_Bretagne","4",8.99956905866885,9.99999664800544,"RSr"
"RMQS_BioDiv_Bretagne","5",9.99999664800544,14.5919056262512,"RSr"
"RMQS_BioDiv_Bretagne","6",14.5919056262512,25,"RSr"
"ANDRA","1",0,5.99999999999998,"RSr"
"ANDRA","2",5.99999999999998,7,"RSr"
"ANDRA","3",7,8.9997035050874,"RSr"
"ANDRA","4",8.9997035050874,10.9999990511969,"RSr"
"ANDRA","5",10.9999990511969,18.9933662291844,"RSr"
"ANDRA","6",18.9933662291844,25,"RSr"
"TIGA_rural","1",0,4,"RSr"
"TIGA_rural","2",4,5.99999999999943,"RSr"
"TIGA_rural","3",5.99999999999943,7,"RSr"
"TIGA_rural","4",7,8.99999924845188,"RSr"
"TIGA_rural","5",8.99999924845188,17.8781273714606,"RSr"
"TIGA_rural","6",17.8781273714606,25,"RSr"
"RMQS_Biodiversite","1",0,1.0237213533327,"Shannon"
"RMQS_Biodiversite","2",1.0237213533327,1.16910972651313,"Shannon"
"RMQS_Biodiversite","3",1.16910972651313,1.45253829113971,"Shannon"
"RMQS_Biodiversite","4",1.45253829113971,1.66050196732777,"Shannon"
"RMQS_Biodiversite","5",1.66050196732777,2.16767466751456,"Shannon"
"RMQS_Biodiversite","6",2.16767466751456,3,"Shannon"
"RMQS_BioDiv_Bretagne","1",0,1.0484425186721,"Shannon"
"RMQS_BioDiv_Bretagne","2",1.0484425186721,1.32110411123163,"Shannon"
"RMQS_BioDiv_Bretagne","3",1.32110411123163,1.51196675609774,"Shannon"
"RMQS_BioDiv_Bretagne","4",1.51196675609774,1.79445600956902,"Shannon"
"RMQS_BioDiv_Bretagne","5",1.79445600956902,2.38969193413396,"Shannon"
"RMQS_BioDiv_Bretagne","6",2.38969193413396,3,"Shannon"
"ANDRA","1",0,1.36866003280225,"Shannon"
"ANDRA","2",1.36866003280225,1.66660355880165,"Shannon"
"ANDRA","3",1.66660355880165,1.76269134818456,"Shannon"
"ANDRA","4",1.76269134818456,2.0269670030043,"Shannon"
"ANDRA","5",2.0269670030043,2.67973295799589,"Shannon"
"ANDRA","6",2.67973295799589,3,"Shannon"
"TIGA_rural","1",0,1.04999916139602,"Shannon"
"TIGA_rural","2",1.04999916139602,1.3793606637285,"Shannon"
"TIGA_rural","3",1.3793606637285,1.57234689457522,"Shannon"
"TIGA_rural","4",1.57234689457522,1.76545077411553,"Shannon"
"TIGA_rural","5",1.76545077411553,2.54831912694416,"Shannon"
"TIGA_rural","6",2.54831912694416,3,"Shannon"
"RMQS_Biodiversite","0",0,0.143814592998474,"Pielou"
"RMQS_Biodiversite","1",0.143814592998474,0.70459053001983,"Pielou"
"RMQS_Biodiversite","2",0.70459053001983,0.784673078142235,"Pielou"
"RMQS_Biodiversite","3",0.784673078142235,0.826319880971179,"Pielou"
"RMQS_Biodiversite","4",0.826319880971179,0.882968696082093,"Pielou"
"RMQS_Biodiversite","5",0.882968696082093,1,"Pielou"
"RMQS_BioDiv_Bretagne","0",0,0.210533223074617,"Pielou"
"RMQS_BioDiv_Bretagne","1",0.210533223074617,0.576572174343988,"Pielou"
"RMQS_BioDiv_Bretagne","2",0.576572174343988,0.696565479831307,"Pielou"
"RMQS_BioDiv_Bretagne","3",0.696565479831307,0.777418638538783,"Pielou"
"RMQS_BioDiv_Bretagne","4",0.777418638538783,0.864546590619231,"Pielou"
"RMQS_BioDiv_Bretagne","5",0.864546590619231,1,"Pielou"
"RMQS_BioDiv_Bretagne","6",1,1,"Pielou"
"ANDRA","0",0,0.395145499198815,"Pielou"
"ANDRA","1",0.395145499198815,0.746958496250836,"Pielou"
"ANDRA","2",0.746958496250836,0.808787848157276,"Pielou"
"ANDRA","3",0.808787848157276,0.865515861581627,"Pielou"
"ANDRA","4",0.865515861581627,0.930628224416578,"Pielou"
"ANDRA","5",0.930628224416578,1,"Pielou"
"TIGA_rural","0",0,0.293135167421381,"Pielou"
"TIGA_rural","1",0.293135167421381,0.690793469905141,"Pielou"
"TIGA_rural","2",0.690793469905141,0.787410336409773,"Pielou"
"TIGA_rural","3",0.787410336409773,0.845558492884322,"Pielou"
"TIGA_rural","4",0.845558492884322,0.907662995657693,"Pielou"
"TIGA_rural","5",0.907662995657693,1,"Pielou"
"RMQS_Biodiversite","0",0,118,"ab"
"RMQS_Biodiversite","1",118,1180,"ab"
"RMQS_Biodiversite","2",1180,1980.8,"ab"
"RMQS_Biodiversite","3",1980.8,3089.4,"ab"
"RMQS_Biodiversite","4",3089.4,5731,"ab"
"RMQS_Biodiversite","5",5731,30187,"ab"
"RMQS_Biodiversite","6",30187,110000,"ab"
"RMQS_BioDiv_Bretagne","0",0,118,"ab"
"RMQS_BioDiv_Bretagne","1",118,2642,"ab"
"RMQS_BioDiv_Bretagne","2",2642,4670.8,"ab"
"RMQS_BioDiv_Bretagne","3",4670.8,9527.80000000001,"ab"
"RMQS_BioDiv_Bretagne","4",9527.80000000001,18205.6,"ab"
"RMQS_BioDiv_Bretagne","5",18205.6,45044,"ab"
"RMQS_BioDiv_Bretagne","6",45044,110000,"ab"
"ANDRA","1",0,1391.6,"ab"
"ANDRA","2",1391.6,3185,"ab"
"ANDRA","3",3185,5071,"ab"
"ANDRA","4",5071,8159.6,"ab"
"ANDRA","5",8159.6,47283,"ab"
"ANDRA","6",47283,110000,"ab"
"TIGA_rural","1",0,1298,"ab"
"TIGA_rural","2",1298,2594,"ab"
"TIGA_rural","3",2594,4363,"ab"
"TIGA_rural","4",4363,6958,"ab"
"TIGA_rural","5",6958,105531,"ab"
"TIGA_rural","6",105531,110000,"ab"
