"site_id","indicator","framework","scenario","raw_value","score"
"B09BIO","RSr","RMQS_Biodiversite","revised_full_untrimmed",4,2
"B09DUB","RSr","RMQS_Biodiversite","revised_full_untrimmed",7.99999816602686,4
"B09FUM","RSr","RMQS_Biodiversite","revised_full_untrimmed",6,4
"B09M103C","RSr","RMQS_Biodiversite","revised_full_untrimmed",10.3112386898104,5
"B09M117C","RSr","RMQS_Biodiversite","revised_full_untrimmed",7.9999999980057,4
"B09MTEC","RSr","RMQS_Biodiversite","revised_full_untrimmed",3,1
"B09OMR","RSr","RMQS_Biodiversite","revised_full_untrimmed",2,1
"B09TEM","RSr","RMQS_Biodiversite","revised_full_untrimmed",5.99999999921906,3
"B10AUPTé","RSr","RMQS_Biodiversite","revised_full_untrimmed",4.99992812454887,2
"B10G0ES","RSr","RMQS_Biodiversite","revised_full_untrimmed",2,1
"B10GOBA","RSr","RMQS_Biodiversite","revised_full_untrimmed",7.35531579545355,4
"B10GOBS","RSr","RMQS_Biodiversite","revised_full_untrimmed",4.99964508954676,2
"B10GOEA","RSr","RMQS_Biodiversite","revised_full_untrimmed",6.99956731439765,4
"B10GOES","RSr","RMQS_Biodiversite","revised_full_untrimmed",8.24562066128995,5
"B10GORA","RSr","RMQS_Biodiversite","revised_full_untrimmed",3.54709678370144,1
"B10GORS","RSr","RMQS_Biodiversite","revised_full_untrimmed",5.99996343277491,3
"B10THLA","RSr","RMQS_Biodiversite","revised_full_untrimmed",8.99069639768162,5
"B10THLT","RSr","RMQS_Biodiversite","revised_full_untrimmed",12.8790411819595,5
"B10THTR","RSr","RMQS_Biodiversite","revised_full_untrimmed",11.9983426509358,5
"B10THTS","RSr","RMQS_Biodiversite","revised_full_untrimmed",9.99535556235837,5
"B10YVGC","RSr","RMQS_Biodiversite","revised_full_untrimmed",4.99999994553415,3
"B10YVPP","RSr","RMQS_Biodiversite","revised_full_untrimmed",4,2
"B10YVSI","RSr","RMQS_Biodiversite","revised_full_untrimmed",2.99999999999999,1
"B10YVSII","RSr","RMQS_Biodiversite","revised_full_untrimmed",5.99999315079364,3
"B10YVSIII","RSr","RMQS_Biodiversite","revised_full_untrimmed",0,0
"B10YVSIV","RSr","RMQS_Biodiversite","revised_full_untrimmed",8.92318471557118,5
"B09BIO","Shannon","RMQS_Biodiversite","revised_full_untrimmed",1.22207116334987,3
"B09DUB","Shannon","RMQS_Biodiversite","revised_full_untrimmed",1.55628991332893,4
"B09FUM","Shannon","RMQS_Biodiversite","revised_full_untrimmed",1.60786408099892,4
"B09M103C","Shannon","RMQS_Biodiversite","revised_full_untrimmed",1.59609186253755,4
"B09M117C","Shannon","RMQS_Biodiversite","revised_full_untrimmed",1.68972252521473,5
"B09MTEC","Shannon","RMQS_Biodiversite","revised_full_untrimmed",0.637617431479338,1
"B09OMR","Shannon","RMQS_Biodiversite","revised_full_untrimmed",0.673194708883317,1
"B09TEM","Shannon","RMQS_Biodiversite","revised_full_untrimmed",0.998725543708591,1
"B10AUPTé","Shannon","RMQS_Biodiversite","revised_full_untrimmed",0.86966488069994,1
"B10G0ES","Shannon","RMQS_Biodiversite","revised_full_untrimmed",0.682891499584426,1
"B10GOBA","Shannon","RMQS_Biodiversite","revised_full_untrimmed",1.22561086375945,3
"B10GOBS","Shannon","RMQS_Biodiversite","revised_full_untrimmed",0.960514920306954,1
"B10GOEA","Shannon","RMQS_Biodiversite","revised_full_untrimmed",1.20309094261505,3
"B10GOES","Shannon","RMQS_Biodiversite","revised_full_untrimmed",1.0565040742084,2
"B10GORA","Shannon","RMQS_Biodiversite","revised_full_untrimmed",0.0796784080399137,1
"B10GORS","Shannon","RMQS_Biodiversite","revised_full_untrimmed",0.756068861171335,1
"B10THLA","Shannon","RMQS_Biodiversite","revised_full_untrimmed",1.73836813632842,5
"B10THLT","Shannon","RMQS_Biodiversite","revised_full_untrimmed",1.87441224712146,5
"B10THTR","Shannon","RMQS_Biodiversite","revised_full_untrimmed",1.63049403149526,4
"B10THTS","Shannon","RMQS_Biodiversite","revised_full_untrimmed",1.7940033606637,5
"B10YVGC","Shannon","RMQS_Biodiversite","revised_full_untrimmed",1.29383417214441,3
"B10YVPP","Shannon","RMQS_Biodiversite","revised_full_untrimmed",1.33123212785543,3
"B10YVSI","Shannon","RMQS_Biodiversite","revised_full_untrimmed",0.875983356518112,1
"B10YVSII","Shannon","RMQS_Biodiversite","revised_full_untrimmed",1.41128626713029,3
"B10YVSIII","Shannon","RMQS_Biodiversite","revised_full_untrimmed",0,1
"B10YVSIV","Shannon","RMQS_Biodiversite","revised_full_untrimmed",1.5429544378088,4
"B09BIO","Pielou","RMQS_Biodiversite","revised_full_untrimmed",0.88153800348913,4
"B09DUB","Pielou","RMQS_Biodiversite","revised_full_untrimmed",0.74841732922383,2
"B09FUM","Pielou","RMQS_Biodiversite","revised_full_untrimmed",0.897366029655551,5
"B09M103C","Pielou","RMQS_Biodiversite","revised_full_untrimmed",0.684068363804614,1
"B09M117C","Pielou","RMQS_Biodiversite","revised_full_untrimmed",0.812584769299305,3
"B09MTEC","Pielou","RMQS_Biodiversite","revised_full_untrimmed",0.580384397713543,1
"B09OMR","Pielou","RMQS_Biodiversite","revised_full_untrimmed",0.97121466805865,5
"B09TEM","Pielou","RMQS_Biodiversite","revised_full_untrimmed",0.557399338992427,1
"B10AUPTé","Pielou","RMQS_Biodiversite","revised_full_untrimmed",0.54035799811343,1
"B10G0ES","Pielou","RMQS_Biodiversite","revised_full_untrimmed",0.98520417991568,5
"B10GOBA","Pielou","RMQS_Biodiversite","revised_full_untrimmed",0.614210964829815,1
"B10GOBS","Pielou","RMQS_Biodiversite","revised_full_untrimmed",0.596827798372612,1
"B10GOEA","Pielou","RMQS_Biodiversite","revised_full_untrimmed",0.618286081719218,1
"B10GOES","Pielou","RMQS_Biodiversite","revised_full_untrimmed",0.500788250926202,1
"B10GORA","Pielou","RMQS_Biodiversite","revised_full_untrimmed",0.0629306958436919,0
"B10GORS","Pielou","RMQS_Biodiversite","revised_full_untrimmed",0.421971501133495,1
"B10THLA","Pielou","RMQS_Biodiversite","revised_full_untrimmed",0.791538023433503,3
"B10THLT","Pielou","RMQS_Biodiversite","revised_full_untrimmed",0.733452540145104,2
"B10THTR","Pielou","RMQS_Biodiversite","revised_full_untrimmed",0.656195542254709,1
"B10THTS","Pielou","RMQS_Biodiversite","revised_full_untrimmed",0.779282982122881,2
"B10YVGC","Pielou","RMQS_Biodiversite","revised_full_untrimmed",0.803904376121411,3
"B10YVPP","Pielou","RMQS_Biodiversite","revised_full_untrimmed",0.960280994564546,5
"B10YVSI","Pielou","RMQS_Biodiversite","revised_full_untrimmed",0.79735441297503,3
"B10YVSII","Pielou","RMQS_Biodiversite","revised_full_untrimmed",0.787654364608086,3
"B10YVSIII","Pielou","RMQS_Biodiversite","revised_full_untrimmed",,
"B10YVSIV","Pielou","RMQS_Biodiversite","revised_full_untrimmed",0.704979043549862,2
"B09BIO","ab","RMQS_Biodiversite","revised_full_untrimmed",1415,2
"B09DUB","ab","RMQS_Biodiversite","revised_full_untrimmed",3270,4
"B09FUM","ab","RMQS_Biodiversite","revised_full_untrimmed",971,1
"B09M103C","ab","RMQS_Biodiversite","revised_full_untrimmed",28650,5
"B09M117C","ab","RMQS_Biodiversite","revised_full_untrimmed",2386,3
"B09MTEC","ab","RMQS_Biodiversite","revised_full_untrimmed",883,1
"B09OMR","ab","RMQS_Biodiversite","revised_full_untrimmed",442,1
"B09TEM","ab","RMQS_Biodiversite","revised_full_untrimmed",2563,3
"B10AUPTé","ab","RMQS_Biodiversite","revised_full_untrimmed",4863,4
"B10G0ES","ab","RMQS_Biodiversite","revised_full_untrimmed",2476,3
"B10GOBA","ab","RMQS_Biodiversite","revised_full_untrimmed",27766,5
"B10GOBS","ab","RMQS_Biodiversite","revised_full_untrimmed",5836,5
"B10GOEA","ab","RMQS_Biodiversite","revised_full_untrimmed",10347,5
"B10GOES","ab","RMQS_Biodiversite","revised_full_untrimmed",40444,6
"B10GORA","ab","RMQS_Biodiversite","revised_full_untrimmed",35727,6
"B10GORS","ab","RMQS_Biodiversite","revised_full_untrimmed",4332,4
"B10THLA","ab","RMQS_Biodiversite","revised_full_untrimmed",8489,5
"B10THLT","ab","RMQS_Biodiversite","revised_full_untrimmed",12822,5
"B10THTR","ab","RMQS_Biodiversite","revised_full_untrimmed",5568,4
"B10THTS","ab","RMQS_Biodiversite","revised_full_untrimmed",7161,5
"B10YVGC","ab","RMQS_Biodiversite","revised_full_untrimmed",2828,3
"B10YVPP","ab","RMQS_Biodiversite","revised_full_untrimmed",441,1
"B10YVSI","ab","RMQS_Biodiversite","revised_full_untrimmed",4509,4
"B10YVSII","ab","RMQS_Biodiversite","revised_full_untrimmed",7782,5
"B10YVSIII","ab","RMQS_Biodiversite","revised_full_untrimmed",88,0
"B10YVSIV","ab","RMQS_Biodiversite","revised_full_untrimmed",13794,5
"B09BIO","RSr","RMQS_BioDiv_Bretagne","revised_full_untrimmed",4,1
"B09DUB","RSr","RMQS_BioDiv_Bretagne","revised_full_untrimmed",7.99999816602686,3
"B09FUM","RSr","RMQS_BioDiv_Bretagne","revised_full_untrimmed",6,2
"B09M103C","RSr","RMQS_BioDiv_Bretagne","revised_full_untrimmed",10.3112386898104,5
"B09M117C","RSr","RMQS_BioDiv_Bretagne","revised_full_untrimmed",7.9999999980057,3
"B09MTEC","RSr","RMQS_BioDiv_Bretagne","revised_full_untrimmed",3,1
"B09OMR","RSr","RMQS_BioDiv_Bretagne","revised_full_untrimmed",2,1
"B09TEM","RSr","RMQS_BioDiv_Bretagne","revised_full_untrimmed",5.99999999921906,2
"B10AUPTé","RSr","RMQS_BioDiv_Bretagne","revised_full_untrimmed",4.99992812454887,1
"B10G0ES","RSr","RMQS_BioDiv_Bretagne","revised_full_untrimmed",2,1
"B10GOBA","RSr","RMQS_BioDiv_Bretagne","revised_full_untrimmed",7.35531579545355,2
"B10GOBS","RSr","RMQS_BioDiv_Bretagne","revised_full_untrimmed",4.99964508954676,1
"B10GOEA","RSr","RMQS_BioDiv_Bretagne","revised_full_untrimmed",6.99956731439765,2
"B10GOES","RSr","RMQS_BioDiv_Bretagne","revised_full_untrimmed",8.24562066128995,3
"B10GORA","RSr","RMQS_BioDiv_Bretagne","revised_full_untrimmed",3.54709678370144,1
"B10GORS","RSr","RMQS_BioDiv_Bretagne","revised_full_untrimmed",5.99996343277491,2
"B10THLA","RSr","RMQS_BioDiv_Bretagne","revised_full_untrimmed",8.99069639768162,3
"B10THLT","RSr","RMQS_BioDiv_Bretagne","revised_full_untrimmed",12.8790411819595,5
"B10THTR","RSr","RMQS_BioDiv_Bretagne","revised_full_untrimmed",11.9983426509358,5
"B10THTS","RSr","RMQS_BioDiv_Bretagne","revised_full_untrimmed",9.99535556235837,4
"B10YVGC","RSr","RMQS_BioDiv_Bretagne","revised_full_untrimmed",4.99999994553415,2
"B10YVPP","RSr","RMQS_BioDiv_Bretagne","revised_full_untrimmed",4,1
"B10YVSI","RSr","RMQS_BioDiv_Bretagne","revised_full_untrimmed",2.99999999999999,1
"B10YVSII","RSr","RMQS_BioDiv_Bretagne","revised_full_untrimmed",5.99999315079364,2
"B10YVSIII","RSr","RMQS_BioDiv_Bretagne","revised_full_untrimmed",0,0
"B10YVSIV","RSr","RMQS_BioDiv_Bretagne","revised_full_untrimmed",8.92318471557118,3
"B09BIO","Shannon","RMQS_BioDiv_Bretagne","revised_full_untrimmed",1.22207116334987,2
"B09DUB","Shannon","RMQS_BioDiv_Bretagne","revised_full_untrimmed",1.55628991332893,4
"B09FUM","Shannon","RMQS_BioDiv_Bretagne","revised_full_untrimmed",1.60786408099892,4
"B09M103C","Shannon","RMQS_BioDiv_Bretagne","revised_full_untrimmed",1.59609186253755,4
"B09M117C","Shannon","RMQS_BioDiv_Bretagne","revised_full_untrimmed",1.68972252521473,4
"B09MTEC","Shannon","RMQS_BioDiv_Bretagne","revised_full_untrimmed",0.637617431479338,1
"B09OMR","Shannon","RMQS_BioDiv_Bretagne","revised_full_untrimmed",0.673194708883317,1
"B09TEM","Shannon","RMQS_BioDiv_Bretagne","revised_full_untrimmed",0.998725543708591,1
"B10AUPTé","Shannon","RMQS_BioDiv_Bretagne","revised_full_untrimmed",0.86966488069994,1
"B10G0ES","Shannon","RMQS_BioDiv_Bretagne","revised_full_untrimmed",0.682891499584426,1
"B10GOBA","Shannon","RMQS_BioDiv_Bretagne","revised_full_untrimmed",1.22561086375945,2
"B10GOBS","Shannon","RMQS_BioDiv_Bretagne","revised_full_untrimmed",0.960514920306954,1
"B10GOEA","Shannon","RMQS_BioDiv_Bretagne","revised_full_untrimmed",1.20309094261505,2
"B10GOES","Shannon","RMQS_BioDiv_Bretagne","revised_full_untrimmed",1.0565040742084,2
"B10GORA","Shannon","RMQS_BioDiv_Bretagne","revised_full_untrimmed",0.0796784080399137,1
"B10GORS","Shannon","RMQS_BioDiv_Bretagne","revised_full_untrimmed",0.756068861171335,1
"B10THLA","Shannon","RMQS_BioDiv_Bretagne","revised_full_untrimmed",1.73836813632842,4
"B10THLT","Shannon","RMQS_BioDiv_Bretagne","revised_full_untrimmed",1.87441224712146,5
"B10THTR","Shannon","RMQS_BioDiv_Bretagne","revised_full_untrimmed",1.63049403149526,4
"B10THTS","Shannon","RMQS_BioDiv_Bretagne","revised_full_untrimmed",1.7940033606637,4
"B10YVGC","Shannon","RMQS_BioDiv_Bretagne","revised_full_untrimmed",1.29383417214441,2
"B10YVPP","Shannon","RMQS_BioDiv_Bretagne","revised_full_untrimmed",1.33123212785543,3
"B10YVSI","Shannon","RMQS_BioDiv_Bretagne","revised_full_untrimmed",0.875983356518112,1
"B10YVSII","Shannon","RMQS_BioDiv_Bretagne","revised_full_untrimmed",1.41128626713029,3
"B10YVSIII","Shannon","RMQS_BioDiv_Bretagne","revised_full_untrimmed",0,1
"B10YVSIV","Shannon","RMQS_BioDiv_Bretagne","revised_full_untrimmed",1.5429544378088,4
"B09BIO","Pielou","RMQS_BioDiv_Bretagne","revised_full_untrimmed",0.88153800348913,5
"B09DUB","Pielou","RMQS_BioDiv_Bretagne","revised_full_untrimmed",0.74841732922383,3
"B09FUM","Pielou","RMQS_BioDiv_Bretagne","revised_full_untrimmed",0.897366029655551,5
"B09M103C","Pielou","RMQS_BioDiv_Bretagne","revised_full_untrimmed",0.684068363804614,2
"B09M117C","Pielou","RMQS_BioDiv_Bretagne","revised_full_untrimmed",0.812584769299305,4
"B09MTEC","Pielou","RMQS_BioDiv_Bretagne","revised_full_untrimmed",0.580384397713543,2
"B09OMR","Pielou","RMQS_BioDiv_Bretagne","revised_full_untrimmed",0.97121466805865,5
"B09TEM","Pielou","RMQS_BioDiv_Bretagne","revised_full_untrimmed",0.557399338992427,1
"B10AUPTé","Pielou","RMQS_BioDiv_Bretagne","revised_full_untrimmed",0.54035799811343,1
"B10G0ES","Pielou","RMQS_BioDiv_Bretagne","revised_full_untrimmed",0.98520417991568,5
"B10GOBA","Pielou","RMQS_BioDiv_Bretagne","revised_full_untrimmed",0.614210964829815,2
"B10GOBS","Pielou","RMQS_BioDiv_Bretagne","revised_full_untrimmed",0.596827798372612,2
"B10GOEA","Pielou","RMQS_BioDiv_Bretagne","revised_full_untrimmed",0.618286081719218,2
"B10GOES","Pielou","RMQS_BioDiv_Bretagne","revised_full_untrimmed",0.500788250926202,1
"B10GORA","Pielou","RMQS_BioDiv_Bretagne","revised_full_untrimmed",0.0629306958436919,0
"B10GORS","Pielou","RMQS_BioDiv_Bretagne","revised_full_untrimmed",0.421971501133495,1
"B10THLA","Pielou","RMQS_BioDiv_Bretagne","revised_full_untrimmed",0.791538023433503,4
"B10THLT","Pielou","RMQS_BioDiv_Bretagne","revised_full_untrimmed",0.733452540145104,3
"B10THTR","Pielou","RMQS_BioDiv_Bretagne","revised_full_untrimmed",0.656195542254709,2
"B10THTS","Pielou","RMQS_BioDiv_Bretagne","revised_full_untrimmed",0.779282982122881,4
"B10YVGC","Pielou","RMQS_BioDiv_Bretagne","revised_full_untrimmed",0.803904376121411,4
"B10YVPP","Pielou","RMQS_BioDiv_Bretagne","revised_full_untrimmed",0.960280994564546,5
"B10YVSI","Pielou","RMQS_BioDiv_Bretagne","revised_full_untrimmed",0.79735441297503,4
"B10YVSII","Pielou","RMQS_BioDiv_Bretagne","revised_full_untrimmed",0.787654364608086,4
"B10YVSIII","Pielou","RMQS_BioDiv_Bretagne","revised_full_untrimmed",,
"B10YVSIV","Pielou","RMQS_BioDiv_Bretagne","revised_full_untrimmed",0.704979043549862,3
"B09BIO","ab","RMQS_BioDiv_Bretagne","revised_full_untrimmed",1415,1
"B09DUB","ab","RMQS_BioDiv_Bretagne","revised_full_untrimmed",3270,2
"B09FUM","ab","RMQS_BioDiv_Bretagne","revised_full_untrimmed",971,1
"B09M103C","ab","RMQS_BioDiv_Bretagne","revised_full_untrimmed",28650,5
"B09M117C","ab","RMQS_BioDiv_Bretagne","revised_full_untrimmed",2386,1
"B09MTEC","ab","RMQS_BioDiv_Bretagne","revised_full_untrimmed",883,1
"B09OMR","ab","RMQS_BioDiv_Bretagne","revised_full_untrimmed",442,1
"B09TEM","ab","RMQS_BioDiv_Bretagne","revised_full_untrimmed",2563,1
"B10AUPTé","ab","RMQS_BioDiv_Bretagne","revised_full_untrimmed",4863,3
"B10G0ES","ab","RMQS_BioDiv_Bretagne","revised_full_untrimmed",2476,1
"B10GOBA","ab","RMQS_BioDiv_Bretagne","revised_full_untrimmed",27766,5
"B10GOBS","ab","RMQS_BioDiv_Bretagne","revised_full_untrimmed",5836,3
"B10GOEA","ab","RMQS_BioDiv_Bretagne","revised_full_untrimmed",10347,4
"B10GOES","ab","RMQS_BioDiv_Bretagne","revised_full_untrimmed",40444,5
"B10GORA","ab","RMQS_BioDiv_Bretagne","revised_full_untrimmed",35727,5
"B10GORS","ab","RMQS_BioDiv_Bretagne","revised_full_untrimmed",4332,2
"B10THLA","ab","RMQS_BioDiv_Bretagne","revised_full_untrimmed",8489,3
"B10THLT","ab","RMQS_BioDiv_Bretagne","revised_full_untrimmed",12822,4
"B10THTR","ab","RMQS_BioDiv_Bretagne","revised_full_untrimmed",5568,3
"B10THTS","ab","RMQS_BioDiv_Bretagne","revised_full_untrimmed",7161,3
"B10YVGC","ab","RMQS_BioDiv_Bretagne","revised_full_untrimmed",2828,2
"B10YVPP","ab","RMQS_BioDiv_Bretagne","revised_full_untrimmed",441,1
"B10YVSI","ab","RMQS_BioDiv_Bretagne","revised_full_untrimmed",4509,2
"B10YVSII","ab","RMQS_BioDiv_Bretagne","revised_full_untrimmed",7782,3
"B10YVSIII","ab","RMQS_BioDiv_Bretagne","revised_full_untrimmed",88,0
"B10YVSIV","ab","RMQS_BioDiv_Bretagne","revised_full_untrimmed",13794,4
"B09BIO","RSr","ANDRA","revised_full_untrimmed",4,1
"B09DUB","RSr","ANDRA","revised_full_untrimmed",7.99999816602686,3
"B09FUM","RSr","ANDRA","revised_full_untrimmed",6,2
"B09M103C","RSr","ANDRA","revised_full_untrimmed",10.3112386898104,4
"B09M117C","RSr","ANDRA","revised_full_untrimmed",7.9999999980057,3
"B09MTEC","RSr","ANDRA","revised_full_untrimmed",3,1
"B09OMR","RSr","ANDRA","revised_full_untrimmed",2,1
"B09TEM","RSr","ANDRA","revised_full_untrimmed",5.99999999921906,1
"B10AUPTé","RSr","ANDRA","revised_full_untrimmed",4.99992812454887,1
"B10G0ES","RSr","ANDRA","revised_full_untrimmed",2,1
"B10GOBA","RSr","ANDRA","revised_full_untrimmed",7.35531579545355,3
"B10GOBS","RSr","ANDRA","revised_full_untrimmed",4.99964508954676,1
"B10GOEA","RSr","ANDRA","revised_full_untrimmed",6.99956731439765,2
"B10GOES","RSr","ANDRA","revised_full_untrimmed",8.24562066128995,3
"B10GORA","RSr","ANDRA","revised_full_untrimmed",3.54709678370144,1
"B10GORS","RSr","ANDRA","revised_full_untrimmed",5.99996343277491,1
"B10THLA","RSr","ANDRA","revised_full_untrimmed",8.99069639768162,3
"B10THLT","RSr","ANDRA","revised_full_untrimmed",12.8790411819595,5
"B10THTR","RSr","ANDRA","revised_full_untrimmed",11.9983426509358,5
"B10THTS","RSr","ANDRA","revised_full_untrimmed",9.99535556235837,4
"B10YVGC","RSr","ANDRA","revised_full_untrimmed",4.99999994553415,1
"B10YVPP","RSr","ANDRA","revised_full_untrimmed",4,1
"B10YVSI","RSr","ANDRA","revised_full_untrimmed",2.99999999999999,1
"B10YVSII","RSr","ANDRA","revised_full_untrimmed",5.99999315079364,1
"B10YVSIII","RSr","ANDRA","revised_full_untrimmed",0,1
"B10YVSIV","RSr","ANDRA","revised_full_untrimmed",8.92318471557118,3
"B09BIO","Shannon","ANDRA","revised_full_untrimmed",1.22207116334987,1
"B09DUB","Shannon","ANDRA","revised_full_untrimmed",1.55628991332893,2
"B09FUM","Shannon","ANDRA","revised_full_untrimmed",1.60786408099892,2
"B09M103C","Shannon","ANDRA","revised_full_untrimmed",1.59609186253755,2
"B09M117C","Shannon","ANDRA","revised_full_untrimmed",1.68972252521473,3
"B09MTEC","Shannon","ANDRA","revised_full_untrimmed",0.637617431479338,1
"B09OMR","Shannon","ANDRA","revised_full_untrimmed",0.673194708883317,1
"B09TEM","Shannon","ANDRA","revised_full_untrimmed",0.998725543708591,1
"B10AUPTé","Shannon","ANDRA","revised_full_untrimmed",0.86966488069994,1
"B10G0ES","Shannon","ANDRA","revised_full_untrimmed",0.682891499584426,1
"B10GOBA","Shannon","ANDRA","revised_full_untrimmed",1.22561086375945,1
"B10GOBS","Shannon","ANDRA","revised_full_untrimmed",0.960514920306954,1
"B10GOEA","Shannon","ANDRA","revised_full_untrimmed",1.20309094261505,1
"B10GOES","Shannon","ANDRA","revised_full_untrimmed",1.0565040742084,1
"B10GORA","Shannon","ANDRA","revised_full_untrimmed",0.0796784080399137,1
"B10GORS","Shannon","ANDRA","revised_full_untrimmed",0.756068861171335,1
"B10THLA","Shannon","ANDRA","revised_full_untrimmed",1.73836813632842,3
"B10THLT","Shannon","ANDRA","revised_full_untrimmed",1.87441224712146,4
"B10THTR","Shannon","ANDRA","revised_full_untrimmed",1.63049403149526,2
"B10THTS","Shannon","ANDRA","revised_full_untrimmed",1.7940033606637,4
"B10YVGC","Shannon","ANDRA","revised_full_untrimmed",1.29383417214441,1
"B10YVPP","Shannon","ANDRA","revised_full_untrimmed",1.33123212785543,1
"B10YVSI","Shannon","ANDRA","revised_full_untrimmed",0.875983356518112,1
"B10YVSII","Shannon","ANDRA","revised_full_untrimmed",1.41128626713029,2
"B10YVSIII","Shannon","ANDRA","revised_full_untrimmed",0,1
"B10YVSIV","Shannon","ANDRA","revised_full_untrimmed",1.5429544378088,2
"B09BIO","Pielou","ANDRA","revised_full_untrimmed",0.88153800348913,4
"B09DUB","Pielou","ANDRA","revised_full_untrimmed",0.74841732922383,2
"B09FUM","Pielou","ANDRA","revised_full_untrimmed",0.897366029655551,4
"B09M103C","Pielou","ANDRA","revised_full_untrimmed",0.684068363804614,1
"B09M117C","Pielou","ANDRA","revised_full_untrimmed",0.812584769299305,3
"B09MTEC","Pielou","ANDRA","revised_full_untrimmed",0.580384397713543,1
"B09OMR","Pielou","ANDRA","revised_full_untrimmed",0.97121466805865,5
"B09TEM","Pielou","ANDRA","revised_full_untrimmed",0.557399338992427,1
"B10AUPTé","Pielou","ANDRA","revised_full_untrimmed",0.54035799811343,1
"B10G0ES","Pielou","ANDRA","revised_full_untrimmed",0.98520417991568,5
"B10GOBA","Pielou","ANDRA","revised_full_untrimmed",0.614210964829815,1
"B10GOBS","Pielou","ANDRA","revised_full_untrimmed",0.596827798372612,1
"B10GOEA","Pielou","ANDRA","revised_full_untrimmed",0.618286081719218,1
"B10GOES","Pielou","ANDRA","revised_full_untrimmed",0.500788250926202,1
"B10GORA","Pielou","ANDRA","revised_full_untrimmed",0.0629306958436919,0
"B10GORS","Pielou","ANDRA","revised_full_untrimmed",0.421971501133495,1
"B10THLA","Pielou","ANDRA","revised_full_untrimmed",0.791538023433503,2
"B10THLT","Pielou","ANDRA","revised_full_untrimmed",0.733452540145104,1
"B10THTR","Pielou","ANDRA","revised_full_untrimmed",0.656195542254709,1
"B10THTS","Pielou","ANDRA","revised_full_untrimmed",0.779282982122881,2
"B10YVGC","Pielou","ANDRA","revised_full_untrimmed",0.803904376121411,2
"B10YVPP","Pielou","ANDRA","revised_full_untrimmed",0.960280994564546,5
"B10YVSI","Pielou","ANDRA","revised_full_untrimmed",0.79735441297503,2
"B10YVSII","Pielou","ANDRA","revised_full_untrimmed",0.787654364608086,2
"B10YVSIII","Pielou","ANDRA","revised_full_untrimmed",,
"B10YVSIV","Pielou","ANDRA","revised_full_untrimmed",0.704979043549862,1
"B09BIO","ab","ANDRA","revised_full_untrimmed",1415,2
"B09DUB","ab","ANDRA","revised_full_untrimmed",3270,3
"B09FUM","ab","ANDRA","revised_full_untrimmed",971,1
"B09M103C","ab","ANDRA","revised_full_untrimmed",28650,5
"B09M117C","ab","ANDRA","revised_full_untrimmed",2386,2
"B09MTEC","ab","ANDRA","revised_full_untrimmed",883,1
"B09OMR","ab","ANDRA","revised_full_untrimmed",442,1
"B09TEM","ab","ANDRA","revised_full_untrimmed",2563,2
"B10AUPTé","ab","ANDRA","revised_full_untrimmed",4863,3
"B10G0ES","ab","ANDRA","revised_full_untrimmed",2476,2
"B10GOBA","ab","ANDRA","revised_full_untrimmed",27766,5
"B10GOBS","ab","ANDRA","revised_full_untrimmed",5836,4
"B10GOEA","ab","ANDRA","revised_full_untrimmed",10347,5
"B10GOES","ab","ANDRA","revised_full_untrimmed",40444,5
"B10GORA","ab","ANDRA","revised_full_untrimmed",35727,5
"B10GORS","ab","ANDRA","revised_full_untrimmed",4332,3
"B10THLA","ab","ANDRA","revised_full_untrimmed",8489,5
"B10THLT","ab","ANDRA","revised_full_untrimmed",12822,5
"B10THTR","ab","ANDRA","revised_full_untrimmed",5568,4
"B10THTS","ab","ANDRA","revised_full_untrimmed",7161,4
"B10YVGC","ab","ANDRA","revised_full_untrimmed",2828,2
"B10YVPP","ab","ANDRA","revised_full_untrimmed",441,1
"B10YVSI","ab","ANDRA","revised_full_untrimmed",4509,3
"B10YVSII","ab","ANDRA","revised_full_untrimmed",7782,4
"B10YVSIII","ab","ANDRA","revised_full_untrimmed",88,1
"B10YVSIV","ab","ANDRA","revised_full_untrimmed",13794,5
"B09BIO","RSr","TIGA_rural","revised_full_untrimmed",4,2
"B09DUB","RSr","TIGA_rural","revised_full_untrimmed",7.99999816602686,4
"B09FUM","RSr","TIGA_rural","revised_full_untrimmed",6,3
"B09M103C","RSr","TIGA_rural","revised_full_untrimmed",10.3112386898104,5
"B09M117C","RSr","TIGA_rural","revised_full_untrimmed",7.9999999980057,4
"B09MTEC","RSr","TIGA_rural","revised_full_untrimmed",3,1
"B09OMR","RSr","TIGA_rural","revised_full_untrimmed",2,1
"B09TEM","RSr","TIGA_rural","revised_full_untrimmed",5.99999999921906,2
"B10AUPTé","RSr","TIGA_rural","revised_full_untrimmed",4.99992812454887,2
"B10G0ES","RSr","TIGA_rural","revised_full_untrimmed",2,1
"B10GOBA","RSr","TIGA_rural","revised_full_untrimmed",7.35531579545355,4
"B10GOBS","RSr","TIGA_rural","revised_full_untrimmed",4.99964508954676,2
"B10GOEA","RSr","TIGA_rural","revised_full_untrimmed",6.99956731439765,3
"B10GOES","RSr","TIGA_rural","revised_full_untrimmed",8.24562066128995,4
"B10GORA","RSr","TIGA_rural","revised_full_untrimmed",3.54709678370144,1
"B10GORS","RSr","TIGA_rural","revised_full_untrimmed",5.99996343277491,2
"B10THLA","RSr","TIGA_rural","revised_full_untrimmed",8.99069639768162,4
"B10THLT","RSr","TIGA_rural","revised_full_untrimmed",12.8790411819595,5
"B10THTR","RSr","TIGA_rural","revised_full_untrimmed",11.9983426509358,5
"B10THTS","RSr","TIGA_rural","revised_full_untrimmed",9.99535556235837,5
"B10YVGC","RSr","TIGA_rural","revised_full_untrimmed",4.99999994553415,2
"B10YVPP","RSr","TIGA_rural","revised_full_untrimmed",4,2
"B10YVSI","RSr","TIGA_rural","revised_full_untrimmed",2.99999999999999,1
"B10YVSII","RSr","TIGA_rural","revised_full_untrimmed",5.99999315079364,2
"B10YVSIII","RSr","TIGA_rural","revised_full_untrimmed",0,1
"B10YVSIV","RSr","TIGA_rural","revised_full_untrimmed",8.92318471557118,4
"B09BIO","Shannon","TIGA_rural","revised_full_untrimmed",1.22207116334987,2
"B09DUB","Shannon","TIGA_rural","revised_full_untrimmed",1.55628991332893,3
"B09FUM","Shannon","TIGA_rural","revised_full_untrimmed",1.60786408099892,4
"B09M103C","Shannon","TIGA_rural","revised_full_untrimmed",1.59609186253755,4
"B09M117C","Shannon","TIGA_rural","revised_full_untrimmed",1.68972252521473,4
"B09MTEC","Shannon","TIGA_rural","revised_full_untrimmed",0.637617431479338,1
"B09OMR","Shannon","TIGA_rural","revised_full_untrimmed",0.673194708883317,1
"B09TEM","Shannon","TIGA_rural","revised_full_untrimmed",0.998725543708591,1
"B10AUPTé","Shannon","TIGA_rural","revised_full_untrimmed",0.86966488069994,1
"B10G0ES","Shannon","TIGA_rural","revised_full_untrimmed",0.682891499584426,1
"B10GOBA","Shannon","TIGA_rural","revised_full_untrimmed",1.22561086375945,2
"B10GOBS","Shannon","TIGA_rural","revised_full_untrimmed",0.960514920306954,1
"B10GOEA","Shannon","TIGA_rural","revised_full_untrimmed",1.20309094261505,2
"B10GOES","Shannon","TIGA_rural","revised_full_untrimmed",1.0565040742084,2
"B10GORA","Shannon","TIGA_rural","revised_full_untrimmed",0.0796784080399137,1
"B10GORS","Shannon","TIGA_rural","revised_full_untrimmed",0.756068861171335,1
"B10THLA","Shannon","TIGA_rural","revised_full_untrimmed",1.73836813632842,4
"B10THLT","Shannon","TIGA_rural","revised_full_untrimmed",1.87441224712146,5
"B10THTR","Shannon","TIGA_rural","revised_full_untrimmed",1.63049403149526,4
"B10THTS","Shannon","TIGA_rural","revised_full_untrimmed",1.7940033606637,5
"B10YVGC","Shannon","TIGA_rural","revised_full_untrimmed",1.29383417214441,2
"B10YVPP","Shannon","TIGA_rural","revised_full_untrimmed",1.33123212785543,2
"B10YVSI","Shannon","TIGA_rural","revised_full_untrimmed",0.875983356518112,1
"B10YVSII","Shannon","TIGA_rural","revised_full_untrimmed",1.41128626713029,3
"B10YVSIII","Shannon","TIGA_rural","revised_full_untrimmed",0,1
"B10YVSIV","Shannon","TIGA_rural","revised_full_untrimmed",1.5429544378088,3
"B09BIO","Pielou","TIGA_rural","revised_full_untrimmed",0.88153800348913,4
"B09DUB","Pielou","TIGA_rural","revised_full_untrimmed",0.74841732922383,2
"B09FUM","Pielou","TIGA_rural","revised_full_untrimmed",0.897366029655551,4
"B09M103C","Pielou","TIGA_rural","revised_full_untrimmed",0.684068363804614,1
"B09M117C","Pielou","TIGA_rural","revised_full_untrimmed",0.812584769299305,3
"B09MTEC","Pielou","TIGA_rural","revised_full_untrimmed",0.580384397713543,1
"B09OMR","Pielou","TIGA_rural","revised_full_untrimmed",0.97121466805865,5
"B09TEM","Pielou","TIGA_rural","revised_full_untrimmed",0.557399338992427,1
"B10AUPTé","Pielou","TIGA_rural","revised_full_untrimmed",0.54035799811343,1
"B10G0ES","Pielou","TIGA_rural","revised_full_untrimmed",0.98520417991568,5
"B10GOBA","Pielou","TIGA_rural","revised_full_untrimmed",0.614210964829815,1
"B10GOBS","Pielou","TIGA_rural","revised_full_untrimmed",0.596827798372612,1
"B10GOEA","Pielou","TIGA_rural","revised_full_untrimmed",0.618286081719218,1
"B10GOES","Pielou","TIGA_rural","revised_full_untrimmed",0.500788250926202,1
"B10GORA","Pielou","TIGA_rural","revised_full_untrimmed",0.0629306958436919,0
"B10GORS","Pielou","TIGA_rural","revised_full_untrimmed",0.421971501133495,1
"B10THLA","Pielou","TIGA_rural","revised_full_untrimmed",0.791538023433503,3
"B10THLT","Pielou","TIGA_rural","revised_full_untrimmed",0.733452540145104,2
"B10THTR","Pielou","TIGA_rural","revised_full_untrimmed",0.656195542254709,1
"B10THTS","Pielou","TIGA_rural","revised_full_untrimmed",0.779282982122881,2
"B10YVGC","Pielou","TIGA_rural","revised_full_untrimmed",0.803904376121411,3
"B10YVPP","Pielou","TIGA_rural","revised_full_untrimmed",0.960280994564546,5
"B10YVSI","Pielou","TIGA_rural","revised_full_untrimmed",0.79735441297503,3
"B10YVSII","Pielou","TIGA_rural","revised_full_untrimmed",0.787654364608086,3
"B10YVSIII","Pielou","TIGA_rural","revised_full_untrimmed",,
"B10YVSIV","Pielou","TIGA_rural","revised_full_untrimmed",0.704979043549862,2
"B09BIO","ab","TIGA_rural","revised_full_untrimmed",1415,2
"B09DUB","ab","TIGA_rural","revised_full_untrimmed",3270,3
"B09FUM","ab","TIGA_rural","revised_full_untrimmed",971,1
"B09M103C","ab","TIGA_rural","revised_full_untrimmed",28650,5
"B09M117C","ab","TIGA_rural","revised_full_untrimmed",2386,2
"B09MTEC","ab","TIGA_rural","revised_full_untrimmed",883,1
"B09OMR","ab","TIGA_rural","revised_full_untrimmed",442,1
"B09TEM","ab","TIGA_rural","revised_full_untrimmed",2563,2
"B10AUPTé","ab","TIGA_rural","revised_full_untrimmed",4863,4
"B10G0ES","ab","TIGA_rural","revised_full_untrimmed",2476,2
"B10GOBA","ab","TIGA_rural","revised_full_untrimmed",27766,5
"B10GOBS","ab","TIGA_rural","revised_full_untrimmed",5836,4
"B10GOEA","ab","TIGA_rural","revised_full_untrimmed",10347,5
"B10GOES","ab","TIGA_rural","revised_full_untrimmed",40444,5
"B10GORA","ab","TIGA_rural","revised_full_untrimmed",35727,5
"B10GORS","ab","TIGA_rural","revised_full_untrimmed",4332,3
"B10THLA","ab","TIGA_rural","revised_full_untrimmed",8489,5
"B10THLT","ab","TIGA_rural","revised_full_untrimmed",12822,5
"B10THTR","ab","TIGA_rural","revised_full_untrimmed",5568,4
"B10THTS","ab","TIGA_rural","revised_full_untrimmed",7161,5
"B10YVGC","ab","TIGA_rural","revised_full_untrimmed",2828,3
"B10YVPP","ab","TIGA_rural","revised_full_untrimmed",441,1
"B10YVSI","ab","TIGA_rural","revised_full_untrimmed",4509,4
"B10YVSII","ab","TIGA_rural","revised_full_untrimmed",7782,5
"B10YVSIII","ab","TIGA_rural","revised_full_untrimmed",88,1
"B10YVSIV","ab","TIGA_rural","revised_full_untrimmed",13794,5
