"framework","Site","longitude","latitude"
"RMQS_Biodiversite","RMQS_2024_ARLES_2076",4.50250101102574,43.6487932757976
"RMQS_Biodiversite","RMQS_2024_AUCELON_1768",5.34894544254264,44.6346263421969
"RMQS_Biodiversite","RMQS_2024_AULUS-LES-BAINS_2276",1.34712195396423,42.8033485412598
"RMQS_Biodiversite","RMQS_2024_AURIERES_1464",2.94301610784092,45.6779077470276
"RMQS_Biodiversite","RMQS_2024_AUXERRE_805",3.60554545922775,47.836519711785
"RMQS_Biodiversite","RMQS_2024_AUZON_1549",3.34517713570663,45.3911047765517
"RMQS_Biodiversite","RMQS_2024_AVESNES-EN-SAOSNOIS_620",0.383482346651963,48.2601626337537
"RMQS_Biodiversite","RMQS_2024_BEDEE_609",-1.9822890094208,48.1951376535824
"RMQS_Biodiversite","RMQS_2024_BELCASTEL_1837",2.32434462405189,44.3889199310117
"RMQS_Biodiversite","RMQS_2024_BELMONT-SUR-RANCE_2021",2.72179965795729,43.8125780995336
"RMQS_Biodiversite","RMQS_2024_BELVAL-SOUS-CHATILLON_288",3.85678097784408,49.1281765661728
"RMQS_Biodiversite","RMQS_2024_BENGY-SUR-CRAON_1090",2.74851568722079,46.9826323289556
"RMQS_Biodiversite","RMQS_2024_BREGNIER-CORDON_1477",5.61003921649128,45.6401693491095
"RMQS_Biodiversite","RMQS_2024_BUSSY-LETTREE_400",4.28350622064533,48.8342724406152
"RMQS_Biodiversite","RMQS_2024_CAIRANNE_1893",4.92701588816509,44.2166800911093
"RMQS_Biodiversite","RMQS_2024_CALES_1706",1.51554524633862,44.8178511311097
"RMQS_Biodiversite","RMQS_2024_CASTELNAU-MONTRATIER_1875",1.32315689391354,44.2406504349493
"RMQS_Biodiversite","RMQS_2024_CHENS-SUR-LEMAN_1274",6.28092715602017,46.3317772191028
"RMQS_Biodiversite","RMQS_2024_CRECY-SUR-SERRE_137",3.65039504410087,49.7054460263859
"RMQS_Biodiversite","RMQS_2024_DAHLENHEIM_476",7.53207205813478,48.5925618400509
"RMQS_Biodiversite","RMQS_2024_DREVANT_1174",2.53499704476721,46.6928659613774
"RMQS_Biodiversite","RMQS_2024_EVENOS_2205",5.85371529787471,43.1807256825456
"RMQS_Biodiversite","RMQS_2024_EYZERAC_1537",0.892398066995418,45.3884443655317
"RMQS_Biodiversite","RMQS_2024_FESTES-ET-SAINT-ANDRE_2257",2.12771511077881,42.9518241882324
"RMQS_Biodiversite","RMQS_2024_GOUTZ_2011",0.738134796235499,43.7995981085167
"RMQS_Biodiversite","RMQS_2024_GREZET-CAVAGNAN_1826",0.117461238742218,44.3664478290357
"RMQS_Biodiversite","RMQS_2024_ILE-D'ARZ_827",-2.81158007345027,47.5911205616326
"RMQS_Biodiversite","RMQS_2024_ILLOUD_644",5.55313038104552,48.230551833153
"RMQS_Biodiversite","RMQS_2024_LA PLAINE_1030",-0.625406540946352,47.0848050528202
"RMQS_Biodiversite","RMQS_2024_LA TAGNIERE_1141",4.21101505944702,46.8204597659373
"RMQS_Biodiversite","RMQS_2024_LA-TRANCHE-SUR-MER_1237",-1.40321679085194,46.3506497510169
"RMQS_Biodiversite","RMQS_2024_LAGOS_2182",-0.231911972629328,43.2099108298878
"RMQS_Biodiversite","RMQS_2024_LANTON_1694",-0.907607097076179,44.7733595204167
"RMQS_Biodiversite","RMQS_2024_LAURIS_2034",5.30087879165883,43.7733624323249
"RMQS_Biodiversite","RMQS_2024_LE MAS_1996",6.90327394449335,43.8563416618755
"RMQS_Biodiversite","RMQS_2024_LE PEAGE-DE-ROUSILLON_1556",4.77475157668675,45.3690149100078
"RMQS_Biodiversite","RMQS_2024_LE PERIER_1686",5.96937133617335,44.9048619493119
"RMQS_Biodiversite","RMQS_2024_LES COMBES_1064",6.53783195380408,47.0487852584465
"RMQS_Biodiversite","RMQS_2024_LESCAR_2142",-0.43419743028047,43.346012905165
"RMQS_Biodiversite","RMQS_2024_LEVONCOURT_926",7.20806698950873,47.4531196404966
"RMQS_Biodiversite","RMQS_2024_LINTOT_152",0.555290562591357,49.5559367282316
"RMQS_Biodiversite","RMQS_2024_LOSNE_1058",5.27350873305645,47.0870418392033
"RMQS_Biodiversite","RMQS_2024_MAISONCELLES-DU-MAINE_730",-0.676113973755391,47.9484894161672
"RMQS_Biodiversite","RMQS_2024_MALTAT_1180",3.78802433819848,46.6825057220501
"RMQS_Biodiversite","RMQS_2024_MAZERAY_1366",-0.567270869874808,45.9346254946214
"RMQS_Biodiversite","RMQS_2024_MENERVAL_157",1.6591608703299,49.5671766642783
"RMQS_Biodiversite","RMQS_2024_MERCY-LE-HAUT_215",5.84561377272516,49.3740703250416
"RMQS_Biodiversite","RMQS_2024_MEZERAY_788",-0.027466457254098,47.8193557784935
"RMQS_Biodiversite","RMQS_2024_MONTJUSTIN-ET-VELOTTE_870",6.37142360891853,47.6294797750949
"RMQS_Biodiversite","RMQS_2024_PARIS_391",2.33579524769974,48.844838275277
"RMQS_Biodiversite","RMQS_2024_PLASSAC-ROUFFIAC_1491",0.0710220240044624,45.5173490694814
"RMQS_Biodiversite","RMQS_2024_PONT-SUR-YONNE_633",3.18548869500691,48.2742531650272
"RMQS_Biodiversite","RMQS_2024_PORTA_2312",1.73446702957153,42.5280876159668
"RMQS_Biodiversite","RMQS_2024_PUIMOISSON_1992",6.10461897406734,43.8921670756657
"RMQS_Biodiversite","RMQS_2024_QUINTILLAN_2260",2.7153799533844,42.949275970459
"RMQS_Biodiversite","RMQS_2024_SAINT-FRONT_1677",4.14437731617619,44.9465981199809
"RMQS_Biodiversite","RMQS_2024_SAINT-LAURENT-DES-BATONS_1660",0.70364058861398,44.9526610124959
"RMQS_Biodiversite","RMQS_2024_SAINT-MARTIN-DE-LANSUSCLE_1887",3.7226445983764,44.2375443985216
"RMQS_Biodiversite","RMQS_2024_SAINT-MAURICE-DES-LIONS_1372",0.672536029377586,45.9598382118547
"RMQS_Biodiversite","RMQS_2024_SAINT-PIERRE-DE-MAILLE_1166",0.860928957263222,46.6834260740623
"RMQS_Biodiversite","RMQS_2024_SAINTE-MARGUERITE-D'ELLE_223",-0.971023266931689,49.2362523222868
"RMQS_Biodiversite","RMQS_2024_SAIZERAIS_408",6.02441183229234,48.7932010535351
"RMQS_Biodiversite","RMQS_2024_SAVIGNY-SUR-BRAYE_792",0.826715632239393,47.8334896790882
"RMQS_Biodiversite","RMQS_2024_SOUVIGNE_1243",-0.172179021232904,46.3766366548151
"RMQS_Biodiversite","RMQS_2024_SUIPPES_291",4.51525817503008,49.1161109411299
"RMQS_Biodiversite","RMQS_2024_TRIZAC_1587",2.52555216920108,45.2538548457955
"RMQS_Biodiversite","RMQS_2024_VITRY-EN-MONTAGNE_812",5.10079251722604,47.8106367801133
"RMQS_Biodiversite","RMQS_2024_VONNAS_1310",5.02443580687463,46.228868438387
"RMQS_Biodiversite","35",1.87296682604827,50.4300584069155
"RMQS_Biodiversite","69",3.66325634540751,50.1365687339734
"RMQS_Biodiversite","83",2.99108784915001,49.9983835532525
"RMQS_Biodiversite","165",3.42743370535925,49.5641987393674
"RMQS_Biodiversite","227",-0.0933946739541355,49.2570730241652
"RMQS_Biodiversite","231",0.784921412657596,49.2716407659471
"RMQS_Biodiversite","395",3.19445684902454,48.8472598800423
"RMQS_Biodiversite","581",4.69938355952997,48.3952244625233
"RMQS_Biodiversite","605",-2.84157262078275,48.1609484213974
"RMQS_Biodiversite","665",-2.39932999343919,48.0354939941889
"RMQS_Biodiversite","684",1.67835846559393,48.1293129607976
"RMQS_Biodiversite","778",-2.16062444302297,47.7566559738226
"RMQS_Biodiversite","797",1.89567645472476,47.842558300406
"RMQS_Biodiversite","1010",4.64856600262129,47.2445916794007
"RMQS_Biodiversite","1096",4.00566175415003,46.9677465881589
"RMQS_Biodiversite","1150",6.09613174702238,46.7741853116964
"RMQS_Biodiversite","1158",-0.812807198893418,46.6485257123228
"RMQS_Biodiversite","1544",2.32377723578518,45.3964516831683
"RMQS_Biodiversite","1606",6.39565347796348,45.178425618188
"RMQS_Biodiversite","1716",3.53702552568002,44.8142359541788
"RMQS_Biodiversite","1961",-0.0646614475812049,43.9309516487008
"RMQS_Biodiversite","2035",5.50042109504388,43.7675277909496
"RMQS_Biodiversite","2043",7.08532222770996,43.7096480488876
"RMQS_Biodiversite","2271",0.373079227819483,42.7891597901176
"RMQS_Biodiversite","2284",2.90989261617502,42.8057152307726
"RMQS_Biodiversite","2304",2.90847522364071,42.6620252526446
"RMQS_Biodiversite","2322",8.91207637271227,42.3159055199833
"RMQS_Biodiversite","2341",9.07177012068534,42.0175796641402
"RMQS_BioDiv_Bretagne","312",-3.13081814774126,48.8687423766164
"RMQS_BioDiv_Bretagne","362",-4.41519071007624,48.6583547811806
"RMQS_BioDiv_Bretagne","363",-4.19884770928477,48.6704984340169
"RMQS_BioDiv_Bretagne","364",-3.9824053242029,48.6822463371782
"RMQS_BioDiv_Bretagne","365",-3.76586698201506,48.6935987642495
"RMQS_BioDiv_Bretagne","366",-3.5492355344941,48.7045557596518
"RMQS_BioDiv_Bretagne","368",-3.11570959555452,48.7252843150254
"RMQS_BioDiv_Bretagne","418",-5.04324580144651,48.476359270718
"RMQS_BioDiv_Bretagne","420",-4.61226392199721,48.5025497833793
"RMQS_BioDiv_Bretagne","421",-4.39661313455482,48.5150553664537
"RMQS_BioDiv_Bretagne","422",-4.18086038393732,48.527166959649
"RMQS_BioDiv_Bretagne","423",-3.9650089388238,48.5388839321289
"RMQS_BioDiv_Bretagne","424",-3.74906256880822,48.5502062664448
"RMQS_BioDiv_Bretagne","425",-3.53302375403256,48.5611344803071
"RMQS_BioDiv_Bretagne","426",-3.31689653694794,48.5716685599883
"RMQS_BioDiv_Bretagne","427",-3.10068450709985,48.5818080786968
"RMQS_BioDiv_Bretagne","428",-2.8843896970603,48.5915519769175
"RMQS_BioDiv_Bretagne","430",-2.45156381047875,48.6098529153399
"RMQS_BioDiv_Bretagne","431",-2.2350409361558,48.6184104656144
"RMQS_BioDiv_Bretagne","480",-4.59320185849993,48.3592660584759
"RMQS_BioDiv_Bretagne","481",-4.37813728803268,48.3717384722921
"RMQS_BioDiv_Bretagne","482",-4.16297186693519,48.383817996376
"RMQS_BioDiv_Bretagne","483",-3.94770844577397,48.3955041162366
"RMQS_BioDiv_Bretagne","484",-3.73235062990154,48.4067968230434
"RMQS_BioDiv_Bretagne","485",-3.51690136714758,48.4176962462454
"RMQS_BioDiv_Bretagne","486",-3.30136398987333,48.4282023211439
"RMQS_BioDiv_Bretagne","488",-2.87003876036155,48.4480327459258
"RMQS_BioDiv_Bretagne","489",-2.65425604838017,48.4573563688056
"RMQS_BioDiv_Bretagne","491",-2.22246705995433,48.4748211884617
"RMQS_BioDiv_Bretagne","492",-2.0064671820417,48.4829617335483
"RMQS_BioDiv_Bretagne","493",-1.79040181283316,48.4907081332729
"RMQS_BioDiv_Bretagne","496",-1.14184687327374,48.5115787798999
"RMQS_BioDiv_Bretagne","539",-4.35976306214004,48.228405361709
"RMQS_BioDiv_Bretagne","540",-4.14518141363956,48.2404529382545
"RMQS_BioDiv_Bretagne","541",-3.93050297590916,48.2521082014405
"RMQS_BioDiv_Bretagne","542",-3.71573067874677,48.2633713637429
"RMQS_BioDiv_Bretagne","543",-3.50086752035401,48.2742420989802
"RMQS_BioDiv_Bretagne","544",-3.28591693279974,48.284720246145
"RMQS_BioDiv_Bretagne","545",-3.0708823342147,48.29480547518
"RMQS_BioDiv_Bretagne","546",-2.85576663413108,48.3044976723784
"RMQS_BioDiv_Bretagne","547",-2.64057264176176,48.3137970061682
"RMQS_BioDiv_Bretagne","548",-2.42530378421247,48.3227030812525
"RMQS_BioDiv_Bretagne","550",-1.99455221081448,48.339334864132
"RMQS_BioDiv_Bretagne","552",-1.56354045409137,48.3543932379091
"RMQS_BioDiv_Bretagne","554",-1.13229498220498,48.3678757885331
"RMQS_BioDiv_Bretagne","597",-4.55539061370157,48.0726504598195
"RMQS_BioDiv_Bretagne","598",-4.34148920464489,48.0850568253095
"RMQS_BioDiv_Bretagne","599",-4.12748861556326,48.0970726152878
"RMQS_BioDiv_Bretagne","600",-3.91339165727116,48.1086974079235
"RMQS_BioDiv_Bretagne","601",-3.69920144203624,48.1199309515789
"RMQS_BioDiv_Bretagne","602",-3.48492134725143,48.1307728984295
"RMQS_BioDiv_Bretagne","603",-3.27055426674605,48.1412232981469
"RMQS_BioDiv_Bretagne","604",-3.05610359232688,48.1512818205251
"RMQS_BioDiv_Bretagne","605",-2.84157262078275,48.1609484213974
"RMQS_BioDiv_Bretagne","606",-2.62696424122382,48.1702229955033
"RMQS_BioDiv_Bretagne","607",-2.41228148198668,48.1791054378677
"RMQS_BioDiv_Bretagne","608",-2.19752683042752,48.1875955848358
"RMQS_BioDiv_Bretagne","609",-1.98270331660015,48.1956932535251
"RMQS_BioDiv_Bretagne","610",-1.76781494948214,48.2033985896936
"RMQS_BioDiv_Bretagne","611",-1.55286586566468,48.2107116585573
"RMQS_BioDiv_Bretagne","612",-1.33785837494609,48.2176316166851
"RMQS_BioDiv_Bretagne","656",-4.32331491433934,47.9416938949484
"RMQS_BioDiv_Bretagne","657",-4.10989190408342,47.9536781971446
"RMQS_BioDiv_Bretagne","658",-3.89637332492771,47.9652727004306
"RMQS_BioDiv_Bretagne","659",-3.68276220559453,47.9764767063553
"RMQS_BioDiv_Bretagne","660",-3.46906190118676,47.9872898683085
"RMQS_BioDiv_Bretagne","662",-3.04140574448162,48.0077448364838
"RMQS_BioDiv_Bretagne","663",-2.82745618825556,48.0173856556931
"RMQS_BioDiv_Bretagne","664",-2.61343011176224,48.0266353709451
"RMQS_BioDiv_Bretagne","665",-2.39932999343919,48.0354939941889
"RMQS_BioDiv_Bretagne","666",-2.18515872492095,48.0439616130123
"RMQS_BioDiv_Bretagne","667",-1.97091917407844,48.0520380521137
"RMQS_BioDiv_Bretagne","668",-1.75661513624293,48.059722924978
"RMQS_BioDiv_Bretagne","669",-1.54225017901515,48.0670162278784
"RMQS_BioDiv_Bretagne","670",-1.32782691241742,48.0739177334188
"RMQS_BioDiv_Bretagne","713",-4.30523943552977,47.7983178691193
"RMQS_BioDiv_Bretagne","715",-3.8794472258605,47.8218350177407
"RMQS_BioDiv_Bretagne","716",-3.66641209572266,47.8330094842648
"RMQS_BioDiv_Bretagne","717",-3.45328877836119,47.843794200694
"RMQS_BioDiv_Bretagne","718",-3.24007999877622,47.8541893174893
"RMQS_BioDiv_Bretagne","719",-3.02678831910298,47.8641947283651
"RMQS_BioDiv_Bretagne","721",-2.59996988866179,47.8830347861855
"RMQS_BioDiv_Bretagne","722",-2.38644915301724,47.8918697567569
"RMQS_BioDiv_Bretagne","723",-2.17285798371352,47.9003148308846
"RMQS_BioDiv_Bretagne","724",-1.95919936520945,47.9083699192369
"RMQS_BioDiv_Bretagne","725",-1.74547649724839,47.9160343001828
"RMQS_BioDiv_Bretagne","726",-1.53169238814379,47.9233079900996
"RMQS_BioDiv_Bretagne","727",-1.31785059070794,47.9301910829872
"RMQS_BioDiv_Bretagne","772",-3.43760130238401,47.7002870106157
"RMQS_BioDiv_Bretagne","774",-3.01225094180999,47.7206325067936
"RMQS_BioDiv_Bretagne","777",-2.37363904501947,47.7482335382835
"RMQS_BioDiv_Bretagne","778",-2.16062444302297,47.7566559738226
"RMQS_BioDiv_Bretagne","779",-1.94754347670951,47.7646895119933
"RMQS_BioDiv_Bretagne","780",-1.73439812871808,47.7723335734571
"RMQS_BioDiv_Bretagne","826",-2.99779248669566,47.5770595803246
"RMQS_BioDiv_Bretagne","828",-2.57327118247854,47.5957985333948
"RMQS_BioDiv_Bretagne","829",-2.36089961113793,47.6045860658214
"RMQS_BioDiv_Bretagne","830",-2.14845807384034,47.612985769228
"ANDRA","Alea1",5.26530103520288,48.5129787460213
"ANDRA","Alea10",5.37853689299536,48.5583506279104
"ANDRA","Alea12",5.2849814311846,48.4679714663454
"ANDRA","Alea13",5.36352893588607,48.5620420275461
"ANDRA","Alea15",5.32444364710331,48.4873102822973
"ANDRA","Alea16",5.40820666832184,48.5993077791963
"ANDRA","Alea6",5.2650915242166,48.466433175567
"ANDRA","Alea8",5.32602057567897,48.5125035736255
"ANDRA","I11",5.24601985225558,48.5680716703899
"ANDRA","I13",5.24186270218956,48.5430575125746
"ANDRA","I14",5.24141345629657,48.5296230217297
"ANDRA","J11",5.26244410901375,48.5692856333446
"ANDRA","J13",5.26259934935154,48.5426583694857
"ANDRA","J15",5.26081153955957,48.515390706438
"ANDRA","J16",5.26014631813877,48.5021344772279
"ANDRA","J17",5.25951829995139,48.4886630436315
"ANDRA","J18",5.25839001399438,48.475220110654
"ANDRA","K11",5.2843844606491,48.5689398537112
"ANDRA","K14",5.28148291248675,48.5285645276822
"ANDRA","K15",5.28129954330615,48.5153198568555
"ANDRA","K16",5.28058316813228,48.5014381308933
"ANDRA","K17",5.27956599683821,48.4881511841463
"ANDRA","K18",5.27852403186188,48.4747371187302
"ANDRA","L10",5.30563538980053,48.5819559973959
"ANDRA","L11",5.30428661668986,48.5684904160892
"ANDRA","L18",5.29902327830942,48.4739378891236
"ANDRA","M10",5.32615198866922,48.5815691328367
"ANDRA","M11",5.32472195189514,48.5678165423376
"ANDRA","M16",5.32072185493127,48.5002203682584
"ANDRA","M17",5.31982901610578,48.4867721109327
"ANDRA","M9",5.32653294622471,48.5949429471616
"ANDRA","N10",5.34628919353003,48.5809516487907
"ANDRA","N11",5.34526488996108,48.5674602936267
"ANDRA","N12",5.34483410793952,48.5544626126891
"ANDRA","N13",5.34374706264308,48.5405343258075
"ANDRA","N15",5.34168165138398,48.5137717438311
"ANDRA","N16",5.34103346837459,48.4999445833591
"ANDRA","N17",5.34067434781517,48.4866196182178
"ANDRA","N18",5.33994863224382,48.4732585919662
"ANDRA","N9",5.34670985195925,48.5940797810365
"ANDRA","O10",5.36649741723832,48.5803938441204
"ANDRA","O11",5.36540937717618,48.5669879266786
"ANDRA","O12",5.36477230583536,48.5535042997875
"ANDRA","O13",5.36440058711182,48.5397483917873
"ANDRA","O14",5.36281564106173,48.527007578226
"ANDRA","O15",5.36209306408609,48.5132525398346
"ANDRA","O16",5.36109966457401,48.4996839426144
"ANDRA","O17",5.36060987261351,48.4848441345243
"ANDRA","O18",5.35985996713371,48.4725715374267
"ANDRA","P10",5.38663698128852,48.5796793870668
"ANDRA","P11",5.38592598458516,48.5663631084506
"ANDRA","P15",5.38235105977817,48.5123146494896
"ANDRA","P16",5.382295217126,48.4991131066569
"ANDRA","P17",5.38080241142692,48.4853854636868
"ANDRA","P19BIS",5.38000563277927,48.4584371826031
"ANDRA","P9",5.38734727775364,48.5933602066576
"ANDRA","Q10",5.40696185286408,48.5793023823291
"ANDRA","Q15",5.40270559657029,48.5118558763678
"ANDRA","Q16",5.40208722854085,48.498381598283
"ANDRA","Q17",5.40158508200389,48.4847989959719
"ANDRA","Q18",5.39971456693936,48.4712402042626
"ANDRA","Q19",5.39850490646933,48.4576650073873
"ANDRA","R13bis",5.42693058808011,48.5378166402225
"ANDRA","R14bis",5.42610857582581,48.5231235343103
"ANDRA","R17",5.42141447060657,48.4844485931585
"ANDRA","S12",5.44583385514772,48.5512256624804
"ANDRA","S13",5.44507303149237,48.5377301108776
"ANDRA","S14",5.44499283180486,48.5239103745906
"ANDRA","S15",5.44302268192584,48.5108476304006
"ANDRA","S16",5.44253075120312,48.4971873811058
"ANDRA","S9",5.44845563797555,48.5912042893757
"ANDRA","Sup1",5.25626339714349,48.4997278201518
"ANDRA","Sup11",5.27302327800204,48.5568471476647
"ANDRA","Sup3",5.36165022269147,48.5811438300958
"ANDRA","Sup4",5.3454474185858,48.5120791018943
"ANDRA","Sup6",5.37800044613462,48.4515201951336
"ANDRA","Sup7",5.47998953713066,48.5675596831052
"ANDRA","Sup8",5.38988070408957,48.4865663208733
"ANDRA","T10",5.46791275116059,48.5775495522697
"ANDRA","T11",5.46707952625811,48.5641319851332
"ANDRA","T12",5.4664840868555,48.5506315610439
"ANDRA","T13",5.46543152017155,48.5369419879681
"ANDRA","T9",5.46864958171589,48.590941632182
"ANDRA","U11",5.48713604748161,48.5631729850757
"ANDRA","U12",5.48592371188641,48.5503146329662
"ANDRA","U13",5.48570224753421,48.5367684377105
"ANDRA","U9",5.48827927339499,48.5905543262185
"ANDRA","V11",5.50770579030913,48.5629533829773
"ANDRA","V9",5.50960407186246,48.5899801704321
"TIGA_rural","TIDM_RURAL_FO_116",4.71870433254821,47.4656751628562
"TIGA_rural","TIDM_RURAL_FO_117",4.82623975183778,47.1710574831011
"TIGA_rural","TIDM_RURAL_FO_118",4.70159433274831,47.1979025001545
"TIGA_rural","TIDM_RURAL_FO_119",4.84212000023756,47.2994119960212
"TIGA_rural","TIDM_RURAL_FO_120",4.84558235292887,47.3872253178048
"TIGA_rural","TIDM_RURAL_FO_121",4.97250866619659,47.3937323297703
"TIGA_rural","TIDM_RURAL_FO_122",5.04309916701302,47.505959003604
"TIGA_rural","TIDM_RURAL_FO_123",4.69153416680116,47.4145655032133
"TIGA_rural","TIDM_RURAL_FO_124",5.10715380957259,47.5879187099173
"TIGA_rural","TIDM_RURAL_FO_125",4.99898066648766,47.4757018378359
"TIGA_rural","TIDM_RURAL_FO_126",4.85722883293927,47.4621920018377
"TIGA_rural","TIDM_RURAL_FO_127",4.81322150041927,47.2548069989591
"TIGA_rural","TIDM_RURAL_FO_128",4.86149040312305,47.550877901829
"TIGA_rural","TIDM_RURAL_FO_129",5.25195633381422,47.5038991677759
"TIGA_rural","TIDM_RURAL_FO_130",5.47431260854483,47.5728417404338
"TIGA_rural","TIDM_RURAL_FO_131",5.21794649990952,47.5954218349009
"TIGA_rural","TIDM_RURAL_FO_132",5.14441966609063,47.4852934983331
"TIGA_rural","TIDM_RURAL_FO_133",5.34128516738817,47.5541903377246
"TIGA_rural","TIDM_RURAL_FO_134",5.2189260005384,47.4698361690631
"TIGA_rural","TIDM_RURAL_FO_135",5.14955900032885,47.441190503721
"TIGA_rural","TIDM_RURAL_FO_136",5.0753654995463,47.4264459970045
"TIGA_rural","TIDM_RURAL_FO_137",5.37489649369333,47.5646554559628
"TIGA_rural","TIDM_RURAL_FO_138",4.91531388844525,47.2719715549739
"TIGA_rural","TIDM_RURAL_FO_139",5.26116491230036,47.4937861207272
"TIGA_rural","TIDM_RURAL_FO_140",5.42708916718403,47.2855615000196
"TIGA_rural","TIDM_RURAL_FO_141",5.10596015675859,47.1442426784815
"TIGA_rural","TIDM_RURAL_FO_142",5.48012466693879,47.3606690013423
"TIGA_rural","TIDM_RURAL_FO_143",5.36349683296032,47.3957668363477
"TIGA_rural","TIDM_RURAL_FO_144",5.02412500021595,47.1973016652248
"TIGA_rural","TIDM_RURAL_FO_145",5.0120856672295,47.1322229985027
"TIGA_rural","TIDM_RURAL_FO_146",5.31175866631104,47.2916828336019
"TIGA_rural","TIDM_RURAL_FO_147",5.21686738964643,47.3785035869085
"TIGA_rural","TIDM_RURAL_FO_148",5.30791016629726,47.1360598320713
"TIGA_rural","TIDM_RURAL_FO_149",4.96025833283447,47.4777138342601
"TIGA_rural","TIDM_RURAL_FO_150",5.32239994098879,47.4663929499516
"TIGA_rural","TIDM_RURAL_FO_151",4.94361133269274,47.5740873293352
"TIGA_rural","TIDM_RURAL_FO_152",4.74889916612029,47.3463121668363
"TIGA_rural","TIDM_RURAL_FO_153",5.17007150436755,47.6505799233371
"TIGA_rural","TIDM_RURAL_FO_154",4.99670383380661,47.6212641674178
"TIGA_rural","TIDM_RURAL_FO_155",5.01374766649538,47.4579886683176
"TIGA_rural","TIDM_RURAL_FO_461",4.60249716648321,47.2806738315153
"TIGA_rural","TIDM_RURAL_FO_462",4.5983490000311,47.2896984966688
"TIGA_rural","TIDM_RURAL_FO_463",4.59720733359462,47.2801771637791
"TIGA_rural","TIDM_RURAL_FO_464",4.60266949945651,47.2774954977826
"TIGA_rural","TIDM_RURAL_FO_465",4.59637050032218,47.2845655022307
"TIGA_rural","TIDM_RURAL_FO_466",5.05101416686483,47.4030803344208
"TIGA_rural","TIDM_RURAL_FO_467",5.15162899943936,47.1121988344159
"TIGA_rural","TIDM_RURAL_FO_468",4.89718733314174,47.1911214996193
"TIGA_rural","TIDM_RURAL_FO_469",4.79402950049601,47.2074346646461
"TIGA_rural","TIDM_RURAL_FO_470",4.8835043337731,47.346208336651
"TIGA_rural","TIDM_RURAL_FO_471",5.33501149958019,47.2167949979449
"TIGA_rural","TIDM_RURAL_FO_472",5.2198414997438,47.1869568347498
"TIGA_rural","TIDM_RURAL_FO_473",5.46216316713131,47.2246161629286
"TIGA_rural","TIDM_RURAL_FO_474",5.35986866716446,47.5531121660965
"TIGA_rural","TIDM_RURAL_FO_475",5.3132904996659,47.5568608349642
"TIGA_rural","TIDM_RURAL_FO_476",5.06384749946542,47.5340008363264
"TIGA_rural","TIDM_RURAL_FO_477",5.24469999961624,47.4062543300283
"TIGA_rural","TIDM_RURAL_FO_478",5.32187216663587,47.5394221624668
"TIGA_rural","TIDM_RURAL_FO_479",5.26204616672498,47.5420578326141
"TIGA_rural","TIDM_RURAL_FO_480",5.26449999954578,47.5418416645177
"TIGA_rural","TIDM_RURAL_FO_481",5.44831866710655,47.5251596665685
"TIGA_rural","TIDM_RURAL_FO_482",5.45640214943358,47.5914701701173
"TIGA_rural","TIDM_RURAL_FO_483",5.47168416620878,47.5934908309144
"TIGA_rural","TIDM_RURAL_FO_484",5.4644354993549,47.5899056648056
"TIGA_rural","TIDM_RURAL_FO_485",5.32425816705049,47.5605556649921
"TIGA_rural","TIDM_RURAL_FO_486",5.22467633358239,47.6099356706324
"TIGA_rural","TIDM_RURAL_FO_487",4.88017050028464,47.4456876654068
"TIGA_rural","TIDM_RURAL_FO_488",4.80599050033342,47.4142083344498
"TIGA_rural","TIDM_RURAL_FO_489",4.86392650011967,47.1956146693778
"TIGA_rural","TIDM_RURAL_FO_490",4.87202966728866,47.2866189998689
"TIGA_rural","TIDM_RURAL_FO_491",5.31478266586308,47.6020509957209
"TIGA_rural","TIDM_RURAL_FO_492",5.01570583311321,47.439569334355
"TIGA_rural","TIDM_RURAL_FO_493",4.76554166637246,47.4929494979656
"TIGA_rural","TIDM_RURAL_FO_494",5.15894699992749,47.6166673377425
"TIGA_rural","TIDM_RURAL_FO_495",5.05637716747448,47.6234730038752
"TIGA_rural","TIDM_RURAL_GC_266",4.89048033387161,47.2337618371143
"TIGA_rural","TIDM_RURAL_GC_267",5.07078549948544,47.4623719968399
"TIGA_rural","TIDM_RURAL_GC_268",5.31422750031594,47.1247975017666
"TIGA_rural","TIDM_RURAL_GC_269",5.45789416747998,47.2472916708773
"TIGA_rural","TIDM_RURAL_GC_270",5.09117533293513,47.6511568317574
"TIGA_rural","TIDM_RURAL_GC_271",5.31661549946406,47.1825708339517
"TIGA_rural","TIDM_RURAL_GC_272",4.74327852404031,47.4868310732889
"TIGA_rural","TIDM_RURAL_GC_273",4.7776716664605,47.5177901697188
"TIGA_rural","TIDM_RURAL_GC_274",5.04043033289574,47.2018063299497
"TIGA_rural","TIDM_RURAL_GC_275",4.98116633296018,47.1471538309344
"TIGA_rural","TIDM_RURAL_GC_276",5.42538824855882,47.5430932233211
"TIGA_rural","TIDM_RURAL_GC_277",5.43636549019842,47.5909016900328
"TIGA_rural","TIDM_RURAL_GC_278",5.1898783329806,47.5213763342978
"TIGA_rural","TIDM_RURAL_GC_279",5.14830583314279,47.5264076697761
"TIGA_rural","TIDM_RURAL_GC_280",5.44769433322216,47.2490741674844
"TIGA_rural","TIDM_RURAL_GC_281",5.35395383332107,47.3224825024691
"TIGA_rural","TIDM_RURAL_GC_282",5.21324310895183,47.592089270993
"TIGA_rural","TIDM_RURAL_GC_283",5.21971493624057,47.5799341836937
"TIGA_rural","TIDM_RURAL_GC_284",5.10755899950921,47.2097503343753
"TIGA_rural","TIDM_RURAL_GC_285",5.09032633362071,47.2325446700288
"TIGA_rural","TIDM_RURAL_GC_286",5.17724618330572,47.2945690111483
"TIGA_rural","TIDM_RURAL_GC_287",5.1308951664774,47.2316994959672
"TIGA_rural","TIDM_RURAL_GC_288",4.92909216681658,47.2759098300711
"TIGA_rural","TIDM_RURAL_GC_289",4.96846466716196,47.331723000003
"TIGA_rural","TIDM_RURAL_GC_290",5.14131399958814,47.3195984966858
"TIGA_rural","TIDM_RURAL_GC_291",5.36966633358991,47.3440933311027
"TIGA_rural","TIDM_RURAL_GC_292",5.19567311469472,47.5330206381896
"TIGA_rural","TIDM_RURAL_GC_293",5.20791700020134,47.5262746662801
"TIGA_rural","TIDM_RURAL_GC_294",5.15414200056469,47.1762248368332
"TIGA_rural","TIDM_RURAL_GC_295",5.14915250025093,47.1850974978985
"TIGA_rural","TIDM_RURAL_GC_296",4.82191533342729,47.2341425012271
"TIGA_rural","TIDM_RURAL_GC_297",4.91390700066875,47.2389970006024
"TIGA_rural","TIDM_RURAL_GC_298",5.26010066638579,47.404531502626
"TIGA_rural","TIDM_RURAL_GC_299",5.22920266689641,47.4241289996765
"TIGA_rural","TIDM_RURAL_GC_300",4.87331390258889,47.2166468221804
"TIGA_rural","TIDM_RURAL_GC_301",4.8423298335621,47.2610360002866
"TIGA_rural","TIDM_RURAL_GC_302",5.10472716655189,47.3298484979428
"TIGA_rural","TIDM_RURAL_GC_303",5.10769392498449,47.3612953289085
"TIGA_rural","TIDM_RURAL_GC_304",4.74187533403766,47.1962405035327
"TIGA_rural","TIDM_RURAL_GC_305",4.69556316692478,47.2622309981389
"TIGA_rural","TIDM_RURAL_GC_306",5.13353033263745,47.3673816628509
"TIGA_rural","TIDM_RURAL_GC_307",5.12653650048121,47.3617786672875
"TIGA_rural","TIDM_RURAL_GC_308",5.22284800003131,47.2239769983278
"TIGA_rural","TIDM_RURAL_GC_309",5.21085299959762,47.2577419981232
"TIGA_rural","TIDM_RURAL_GC_310",5.2198851661466,47.3503080010875
"TIGA_rural","TIDM_RURAL_GC_311",5.19488316661368,47.3510838294728
"TIGA_rural","TIDM_RURAL_GC_312",4.73986783317791,47.4231415675912
"TIGA_rural","TIDM_RURAL_GC_313",4.77911031718973,47.3902970575971
"TIGA_rural","TIDM_RURAL_GC_314",5.06822733353405,47.4858943364065
"TIGA_rural","TIDM_RURAL_GC_315",5.07029533364532,47.4574351643193
"TIGA_rural","TIDM_RURAL_GC_316",5.04170049942234,47.4226338325451
"TIGA_rural","TIDM_RURAL_GC_317",5.08149383387395,47.4526394997663
"TIGA_rural","TIDM_RURAL_GC_318",5.21355983289805,47.3774494994023
"TIGA_rural","TIDM_RURAL_GC_319",5.19803600046536,47.3894241681751
"TIGA_rural","TIDM_RURAL_GC_320",5.19501033327595,47.1432078318501
"TIGA_rural","TIDM_RURAL_GC_321",5.22603433336507,47.1224970008636
"TIGA_rural","TIDM_RURAL_GC_322",4.81235565584989,47.5351535045367
"TIGA_rural","TIDM_RURAL_GC_323",4.79042083388621,47.469197664733
"TIGA_rural","TIDM_RURAL_GC_324",5.05688899949894,47.1300136623876
"TIGA_rural","TIDM_RURAL_GC_325",5.02200933382573,47.2120751657671
"TIGA_rural","TIDM_RURAL_GC_326",5.30384933263511,47.5998206658627
"TIGA_rural","TIDM_RURAL_GC_327",5.34227966656446,47.5861744967136
"TIGA_rural","TIDM_RURAL_GC_328",5.14415700046572,47.4640531682008
"TIGA_rural","TIDM_RURAL_GC_329",5.16314649972842,47.4620508365918
"TIGA_rural","TIDM_RURAL_GC_330",5.37566566741903,47.2345918357538
"TIGA_rural","TIDM_RURAL_GC_331",5.32266583278836,47.3308043351225
"TIGA_rural","TIDM_RURAL_GC_332",5.03808834764988,47.5956983543217
"TIGA_rural","TIDM_RURAL_GC_333",5.33806616641168,47.575802332971
"TIGA_rural","TIDM_RURAL_GC_334",5.14838116658291,47.1778791674408
"TIGA_rural","TIDM_RURAL_GC_335",5.0295618331287,47.182201998564
"TIGA_rural","TIDM_RURAL_GC_336",5.16274600002228,47.2584238335988
"TIGA_rural","TIDM_RURAL_GC_337",5.14024483326497,47.2590931670234
"TIGA_rural","TIDM_RURAL_GC_338",4.82235498896534,47.3165165230259
"TIGA_rural","TIDM_RURAL_GC_339",4.65142705473489,47.3234482716792
"TIGA_rural","TIDM_RURAL_GC_340",5.36904183411706,47.3740316709327
"TIGA_rural","TIDM_RURAL_GC_341",5.31455116611006,47.3855300005531
"TIGA_rural","TIDM_RURAL_GC_342",4.9031369230832,47.3855068883602
"TIGA_rural","TIDM_RURAL_GC_343",4.81081149980802,47.4607750009453
"TIGA_rural","TIDM_RURAL_GC_344",5.10326783354863,47.424231504203
"TIGA_rural","TIDM_RURAL_GC_345",5.10476933376817,47.4365790016364
"TIGA_rural","TIDM_RURAL_GC_346",5.12594416610213,47.4721531690896
"TIGA_rural","TIDM_RURAL_GC_347",5.07779066712284,47.3870943301097
"TIGA_rural","TIDM_RURAL_GC_348",5.08045578009374,47.3576736281389
"TIGA_rural","TIDM_RURAL_GC_349",5.09373753949674,47.3552574943125
"TIGA_rural","TIDM_RURAL_GC_350",5.27931366634048,47.1452911637543
"TIGA_rural","TIDM_RURAL_GC_351",5.21441600017076,47.100303499203
"TIGA_rural","TIDM_RURAL_GC_352",4.81871309845175,47.5146092204742
"TIGA_rural","TIDM_RURAL_GC_353",4.82319783278099,47.5536968359011
"TIGA_rural","TIDM_RURAL_GC_354",5.00284683397004,47.2607596701011
"TIGA_rural","TIDM_RURAL_GC_355",4.89528700003143,47.1704748355188
"TIGA_rural","TIDM_RURAL_GC_356",5.47024264349414,47.5535672562973
"TIGA_rural","TIDM_RURAL_GC_357",5.33834733348462,47.4818568325078
"TIGA_rural","TIDM_RURAL_GC_358",5.28177783312696,47.4493944955431
"TIGA_rural","TIDM_RURAL_GC_359",5.2090261668138,47.4836300018339
"TIGA_rural","TIDM_RURAL_GC_360",5.27799399948009,47.2805310032603
"TIGA_rural","TIDM_RURAL_GC_361",5.33680516690868,47.3473248311748
"TIGA_rural","TIDM_RURAL_GC_362",5.01642986661576,47.534766335464
"TIGA_rural","TIDM_RURAL_GC_363",5.16785050065417,47.5104216681103
"TIGA_rural","TIDM_RURAL_GC_364",5.23608283361678,47.2057413327285
"TIGA_rural","TIDM_RURAL_GC_365",5.18506933399238,47.1930753335499
"TIGA_rural","TIDM_RURAL_GC_366",5.20751333355009,47.2500041676232
"TIGA_rural","TIDM_RURAL_GC_367",5.15245733282204,47.3422703356303
"TIGA_rural","TIDM_RURAL_GC_368",4.78576221625333,47.4039011408032
"TIGA_rural","TIDM_RURAL_GC_369",5.36156066716311,47.4078536687054
"TIGA_rural","TIDM_RURAL_GC_370",5.35500600041932,47.4096281683066
"TIGA_rural","TIDM_RURAL_GC_371",5.3067429091466,47.4703195102201
"TIGA_rural","TIDM_RURAL_GC_372",5.26227542900753,47.4769171222047
"TIGA_rural","TIDM_RURAL_GC_373",5.21833249982052,47.4165066688117
"TIGA_rural","TIDM_RURAL_GC_374",5.19548916705397,47.422783503428
"TIGA_rural","TIDM_RURAL_GC_375",4.75565133271077,47.4525981643979
"TIGA_rural","TIDM_RURAL_GC_376",4.80537983334966,47.4849915014112
"TIGA_rural","TIDM_RURAL_GC_377",5.28126224493271,47.1666804362862
"TIGA_rural","TIDM_RURAL_GC_378",5.33585672085813,47.1580670281136
"TIGA_rural","TIDM_RURAL_GC_379",5.25672116717204,47.0371476703995
"TIGA_rural","TIDM_RURAL_GC_380",5.29149083274755,47.0537816642993
"TIGA_rural","TIDM_RURAL_GC_381",4.98646200036498,47.3629701626403
"TIGA_rural","TIDM_RURAL_GC_382",4.94335316667116,47.3956799965335
"TIGA_rural","TIDM_RURAL_GC_383",4.98613733370057,47.4128224968945
"TIGA_rural","TIDM_RURAL_GC_384",5.2559443333976,47.3346708369014
"TIGA_rural","TIDM_RURAL_GC_385",5.11622102789081,47.5547633297824
"TIGA_rural","TIDM_RURAL_GC_386",5.1283160426463,47.5477138383518
"TIGA_rural","TIDM_RURAL_GC_387",5.35685866436399,47.4323459101271
"TIGA_rural","TIDM_RURAL_GC_388",5.34759656336407,47.4561756430107
"TIGA_rural","TIDM_RURAL_GC_389",5.13615116708787,47.0848263298689
"TIGA_rural","TIDM_RURAL_GC_390",5.33039316697887,47.1391121697136
"TIGA_rural","TIDM_RURAL_GC_391",4.83261347279814,47.4485650207346
"TIGA_rural","TIDM_RURAL_GC_392",4.88434589906323,47.465068132319
"TIGA_rural","TIDM_RURAL_GC_393",4.99950566654758,47.2360753293415
"TIGA_rural","TIDM_RURAL_GC_394",5.06127016661694,47.258614836854
"TIGA_rural","TIDM_RURAL_GC_395",5.3081870185555,47.505657584686
"TIGA_rural","TIDM_RURAL_GC_396",5.37955945914575,47.2649024996114
"TIGA_rural","TIDM_RURAL_GC_397",5.35857716613307,47.4649613327145
"TIGA_rural","TIDM_RURAL_GC_398",4.93362633355407,47.4117433301644
"TIGA_rural","TIDM_RURAL_GC_399",5.45478283319505,47.2650383350149
"TIGA_rural","TIDM_RURAL_GC_400",5.0392241666821,47.2486388359314
"TIGA_rural","TIDM_RURAL_GC_401",4.9257049999348,47.5368519670017
"TIGA_rural","TIDM_RURAL_GC_402",4.74383660344969,47.5294460294309
"TIGA_rural","TIDM_RURAL_GC_403",5.20372733348553,47.2896416670557
"TIGA_rural","TIDM_RURAL_GC_404",5.19865333352606,47.2891580026813
"TIGA_rural","TIDM_RURAL_GC_405",4.5926966158468,47.3786872418082
"TIGA_rural","TIDM_RURAL_GC_406",5.18860549994145,47.1334668309626
"TIGA_rural","TIDM_RURAL_GC_407",5.22809283288068,47.1386806632342
"TIGA_rural","TIDM_RURAL_GC_408",5.42808833343247,47.3838125011695
"TIGA_rural","TIDM_RURAL_GC_409",5.40907390396687,47.3866148211506
"TIGA_rural","TIDM_RURAL_GC_410",5.189597166814,47.459793334195
"TIGA_rural","TIDM_RURAL_GC_411",5.13818666723248,47.3919471679814
"TIGA_rural","TIDM_RURAL_GC_412",4.8898909986457,47.3902891931653
"TIGA_rural","TIDM_RURAL_GC_413",4.9048285460856,47.3752921441326
"TIGA_rural","TIDM_RURAL_GC_414",5.13011231600448,47.3982579803058
"TIGA_rural","TIDM_RURAL_GC_415",5.12317149982911,47.3112575008547
"TIGA_rural","TIDM_RURAL_GC_416",4.58926230247703,47.2789104772709
"TIGA_rural","TIDM_RURAL_GC_417",4.60094432145603,47.2781058150258
"TIGA_rural","TIDM_RURAL_GC_418",4.60101407866848,47.2753875332316
"TIGA_rural","TIDM_RURAL_GC_419",4.59624883346674,47.2898723299107
"TIGA_rural","TIDM_RURAL_GC_420",4.60456633331096,47.2860623298961
"TIGA_rural","TIDM_RURAL_GC_421",4.59889000013074,47.288933504096
"TIGA_rural","TIDM_RURAL_GC_422",4.59655716654917,47.2882895028223
"TIGA_rural","TIDM_RURAL_GC_423",4.5906392692573,47.2815228962795
"TIGA_rural","TIDM_RURAL_GC_424",4.5991703334429,47.2862428326975
"TIGA_rural","TIDM_RURAL_GC_425",4.59539716668199,47.2762886683073
"TIGA_rural","TIDM_RURAL_GC_426",4.59559355139844,47.2835118726675
"TIGA_rural","TIDM_RURAL_GC_427",4.59703552838297,47.2816975385369
"TIGA_rural","TIDM_RURAL_GC_428",4.59410433333651,47.2802626657633
"TIGA_rural","TIDM_RURAL_GC_429",4.5874554998176,47.2751021547316
"TIGA_rural","TIDM_RURAL_GC_430",4.60112686184349,47.285484287162
"TIGA_rural","TIDM_RURAL_GC_431",4.59964333317219,47.2836394991539
"TIGA_rural","TIDM_RURAL_GC_432",4.5964126673186,47.2804371694808
"TIGA_rural","TIDM_RURAL_GC_433",4.59946873646113,47.2758960839142
"TIGA_rural","TIDM_RURAL_GC_434",4.59311649975579,47.2777201636168
"TIGA_rural","TIDM_RURAL_GC_435",4.59119547433158,47.2757606539309
"TIGA_rural","TIDM_RURAL_GC_436",4.60084641324424,47.2817109661969
"TIGA_rural","TIDM_RURAL_GC_437",4.58888583051432,47.2780896694141
"TIGA_rural","TIDM_RURAL_GC_438",4.59314850032752,47.2747086710358
"TIGA_rural","TIDM_RURAL_GC_439",4.59241361229387,47.2731901780076
"TIGA_rural","TIDM_RURAL_GC_440",4.60761549953188,47.2843361624264
"TIGA_rural","TIDM_RURAL_GC_441",4.60414149945358,47.2821511650293
"TIGA_rural","TIDM_RURAL_GC_442",4.60258477502257,47.2796620749055
"TIGA_rural","TIDM_RURAL_GC_443",4.58907316622235,47.277529665137
"TIGA_rural","TIDM_RURAL_GC_444",4.59314980180037,47.2834205643737
"TIGA_rural","TIDM_RURAL_GC_445",4.59784016602856,47.2771263311721
"TIGA_rural","TIDM_RURAL_GC_446",4.60061083369056,47.2880026693251
"TIGA_rural","TIDM_RURAL_GC_447",4.59094313540188,47.2785426738201
"TIGA_rural","TIDM_RURAL_GC_448",4.58890349976279,47.276934004126
"TIGA_rural","TIDM_RURAL_GC_449",4.60406952745924,47.2879048075563
"TIGA_rural","TIDM_RURAL_GC_450",4.58943854161516,47.2742123428551
"TIGA_rural","TIDM_RURAL_GC_451",4.60372083373874,47.2843473346724
"TIGA_rural","TIDM_RURAL_GC_452",4.59854364272906,47.2793100030714
"TIGA_rural","TIDM_RURAL_GC_496",5.20162866712946,47.2832921674127
"TIGA_rural","TIDM_RURAL_GC_497",5.19876316691503,47.2806783368212
"TIGA_rural","TIDM_RURAL_GC_498",5.1989275485075,47.2795665688724
"TIGA_rural","TIDM_RURAL_GC_499",5.20246099811878,47.2795888290849
"TIGA_rural","TIDM_RURAL_GC_500",5.20498738339323,47.2771876053979
"TIGA_rural","TIDM_RURAL_GC_501",5.2055135888146,47.2747943438235
"TIGA_rural","TIDM_RURAL_GC_502",5.21050983299869,47.2754185004088
"TIGA_rural","TIDM_RURAL_GC_503",5.21210583404264,47.2725816693599
"TIGA_rural","TIDM_RURAL_GC_504",5.20696187110195,47.2720012026245
"TIGA_rural","TIDM_RURAL_GC_505",5.19903893091106,47.278380992203
"TIGA_rural","TIDM_RURAL_GC_506",5.20667260372542,47.2678300270835
"TIGA_rural","TIDM_RURAL_GC_507",5.21157049393543,47.2702858378279
"TIGA_rural","TIDM_RURAL_GC_508",5.21362999949962,47.2697670029655
"TIGA_rural","TIDM_RURAL_GC_509",5.20714998195518,47.2787232641224
"TIGA_rural","TIDM_RURAL_GC_516",5.20994399086584,47.2675494114419
"TIGA_rural","TIDM_RURAL_GC_517",5.20895872635101,47.2649046617311
"TIGA_rural","TIDM_RURAL_GC_518",5.21245680969797,47.2631348498879
"TIGA_rural","TIDM_RURAL_GC_519",5.21432750005122,47.2672938372911
"TIGA_rural","TIDM_RURAL_GC_520",5.21786666611884,47.2691484999073
"TIGA_rural","TIDM_RURAL_GC_521",5.21886116682223,47.2673936656359
"TIGA_rural","TIDM_RURAL_GC_522",5.21683749960843,47.2654975013516
"TIGA_rural","TIDM_RURAL_GC_523",5.21878711238058,47.2611448686797
"TIGA_rural","TIDM_RURAL_GC_524",5.2210903334142,47.2700881665338
"TIGA_rural","TIDM_RURAL_GC_525",5.22305071642091,47.2685240227499
"TIGA_rural","TIDM_RURAL_GC_526",5.22288200011081,47.2665108299639
"TIGA_rural","TIDM_RURAL_GC_527",5.22476883348345,47.2657271698647
"TIGA_rural","TIDM_RURAL_GC_528",5.22159046949297,47.2650756551301
"TIGA_rural","TIDM_RURAL_GC_529",5.22287083294087,47.2631644959122
"TIGA_rural","TIDM_RURAL_GC_530",5.22452516707734,47.2641583342107
"TIGA_rural","TIDM_RURAL_GC_531",5.2275116667968,47.2676940027081
"TIGA_rural","TIDM_RURAL_GC_532",5.22947283324332,47.2644384971904
"TIGA_rural","TIDM_RURAL_GC_533",5.22524053001296,47.2700917034218
"TIGA_rural","TIDM_RURAL_GC_534",5.23280739336238,47.2697169345401
"TIGA_rural","TIDM_RURAL_GC_535",5.22920424130464,47.2708647168407
"TIGA_rural","TIDM_RURAL_GC_536",5.23236083142099,47.2722418632721
"TIGA_rural","TIDM_RURAL_GC_537",5.23077466674358,47.2728693323008
"TIGA_rural","TIDM_RURAL_GC_538",5.22512649983532,47.2730353304696
"TIGA_rural","TIDM_RURAL_GC_539",5.23097866640774,47.2749653312561
"TIGA_rural","TIDM_RURAL_GC_540",5.22347333410078,47.2742195038158
"TIGA_rural","TIDM_RURAL_GC_541",5.22779200033199,47.2764883377389
"TIGA_rural","TIDM_RURAL_GC_542",5.22605857215995,47.2778474984762
"TIGA_rural","TIDM_RURAL_GC_543",5.2293663007282,47.2786384424485
"TIGA_rural","TIDM_RURAL_GC_544",5.22545643478181,47.278708584484
"TIGA_rural","TIDM_RURAL_GC_545",5.22705056803436,47.2810571371935
"TIGA_rural","TIDM_RURAL_MA_196",5.06339699974677,47.2437531685964
"TIGA_rural","TIDM_RURAL_MA_197",5.06288400058015,47.2431744978881
"TIGA_rural","TIDM_RURAL_MA_198",5.12613100051544,47.3194296699861
"TIGA_rural","TIDM_RURAL_MA_199",5.1254351661456,47.3204038298839
"TIGA_rural","TIDM_RURAL_MA_200",5.01377798630307,47.4033868264493
"TIGA_rural","TIDM_RURAL_MA_201",5.0062407775497,47.3997520340232
"TIGA_rural","TIDM_RURAL_MA_202",5.0606840414185,47.2400825403724
"TIGA_rural","TIDM_RURAL_MA_203",5.05911623150545,47.2408459124524
"TIGA_rural","TIDM_RURAL_MA_204",5.38225383399963,47.1780803374008
"TIGA_rural","TIDM_RURAL_MA_205",5.38171466665508,47.1771565021704
"TIGA_rural","TIDM_RURAL_MA_206",5.13941049943969,47.3056051656727
"TIGA_rural","TIDM_RURAL_MA_207",5.13888366689585,47.305420001945
"TIGA_rural","TIDM_RURAL_MA_208",5.34871200011058,47.3443726681417
"TIGA_rural","TIDM_RURAL_MA_209",5.12913666469792,47.3923656073729
"TIGA_rural","TIDM_RURAL_MA_210",5.16080744802329,47.3911078044472
"TIGA_rural","TIDM_RURAL_MA_211",5.33168583350231,47.3816446689392
"TIGA_rural","TIDM_RURAL_MA_212",5.33117216675039,47.3819293320588
"TIGA_rural","TIDM_RURAL_MA_213",5.38192550531738,47.1606117999761
"TIGA_rural","TIDM_RURAL_MA_214",5.01575146496971,47.5423020244155
"TIGA_rural","TIDM_RURAL_MA_215",5.01570983320442,47.5424486686316
"TIGA_rural","TIDM_RURAL_PR_156",5.38732349938152,47.4823361626011
"TIGA_rural","TIDM_RURAL_PR_157",5.31001761615461,47.5956877629667
"TIGA_rural","TIDM_RURAL_PR_158",5.28082150008955,47.2384016672465
"TIGA_rural","TIDM_RURAL_PR_159",5.17923750042602,47.0525653358438
"TIGA_rural","TIDM_RURAL_PR_160",4.69126199990499,47.4275033349752
"TIGA_rural","TIDM_RURAL_PR_161",5.08719556644682,47.4125019664462
"TIGA_rural","TIDM_RURAL_PR_162",4.68806199946396,47.3675438319268
"TIGA_rural","TIDM_RURAL_PR_163",4.61355099955945,47.3521565005288
"TIGA_rural","TIDM_RURAL_PR_164",5.41059983263854,47.572679164514
"TIGA_rural","TIDM_RURAL_PR_165",4.86529699992484,47.3140546666163
"TIGA_rural","TIDM_RURAL_PR_166",4.98189576347716,47.536581143662
"TIGA_rural","TIDM_RURAL_PR_167",5.36796099964331,47.1910753353153
"TIGA_rural","TIDM_RURAL_PR_168",5.34467333389241,47.3487058336858
"TIGA_rural","TIDM_RURAL_PR_169",5.08279499965511,47.4462170040701
"TIGA_rural","TIDM_RURAL_PR_170",5.44425933292599,47.3162661674636
"TIGA_rural","TIDM_RURAL_PR_171",5.40554166619527,47.2702835015891
"TIGA_rural","TIDM_RURAL_PR_172",4.99026116672556,47.3582454967355
"TIGA_rural","TIDM_RURAL_PR_173",4.99014707400122,47.1553648074714
"TIGA_rural","TIDM_RURAL_PR_174",4.64669049950595,47.271796336967
"TIGA_rural","TIDM_RURAL_PR_175",5.04451050039789,47.5110183299762
"TIGA_rural","TIDM_RURAL_PR_176",5.14906797398298,47.6322808123284
"TIGA_rural","TIDM_RURAL_PR_177",5.25041250040889,47.5773831690935
"TIGA_rural","TIDM_RURAL_PR_178",4.95551949965968,47.6132164994737
"TIGA_rural","TIDM_RURAL_PR_179",5.42741524608551,47.5147730075791
"TIGA_rural","TIDM_RURAL_PR_180",4.81421850001126,47.5142464983503
"TIGA_rural","TIDM_RURAL_PR_181",4.6173343327545,47.2907229959614
"TIGA_rural","TIDM_RURAL_PR_182",4.72926574883218,47.5271434923132
"TIGA_rural","TIDM_RURAL_PR_183",4.80415843924772,47.4595995260689
"TIGA_rural","TIDM_RURAL_PR_184",4.72323099976974,47.3719478331203
"TIGA_rural","TIDM_RURAL_PR_185",4.77526983370958,47.3490839955308
"TIGA_rural","TIDM_RURAL_PR_186",4.63821833329615,47.4748903353512
"TIGA_rural","TIDM_RURAL_PR_187",5.11644723010328,47.1448574988848
"TIGA_rural","TIDM_RURAL_PR_188",4.71182033382551,47.2883980031346
"TIGA_rural","TIDM_RURAL_PR_189",4.93776783350482,47.4278426682124
"TIGA_rural","TIDM_RURAL_PR_190",5.17417030093677,47.4283444258039
"TIGA_rural","TIDM_RURAL_PR_191",5.08643083336255,47.5120721644461
"TIGA_rural","TIDM_RURAL_PR_192",4.94032912866279,47.2009398584352
"TIGA_rural","TIDM_RURAL_PR_193",5.26792250017331,47.4744809978204
"TIGA_rural","TIDM_RURAL_PR_194",5.15124866643723,47.5225343315669
"TIGA_rural","TIDM_RURAL_PR_195",5.18646050024777,47.3547994993005
"TIGA_rural","TIDM_RURAL_PR_453",4.60023944689955,47.2905801273916
"TIGA_rural","TIDM_RURAL_PR_454",4.60257209342725,47.2887979158237
"TIGA_rural","TIDM_RURAL_PR_455",4.6031743338373,47.2898898313289
"TIGA_rural","TIDM_RURAL_PR_456",4.59660742995901,47.2783377626066
"TIGA_rural","TIDM_RURAL_PR_457",4.59929166630939,47.2782663306671
"TIGA_rural","TIDM_RURAL_PR_458",4.60995566614494,47.2837018289257
"TIGA_rural","TIDM_RURAL_PR_459",4.60568857472767,47.2814476686362
"TIGA_rural","TIDM_RURAL_PR_460",4.59849808833758,47.2749729040261
"TIGA_rural","TIDM_RURAL_PR_510",5.2205315079642,47.2673449987146
"TIGA_rural","TIDM_RURAL_PR_511",5.21629400055701,47.2640146641592
"TIGA_rural","TIDM_RURAL_PR_512",5.21960819142492,47.264435183796
"TIGA_rural","TIDM_RURAL_PR_513",5.21712742900206,47.2624614757843
"TIGA_rural","TIDM_RURAL_PR_514",5.21926401500061,47.2629371146043
"TIGA_rural","TIDM_RURAL_PR_515",5.22387349993937,47.2615450036208
"TIGA_rural","TIDM_RURAL_VI_216",4.97351488108001,47.2524699530553
"TIGA_rural","TIDM_RURAL_VI_217",4.97688643173553,47.249200723689
"TIGA_rural","TIDM_RURAL_VI_218",4.97398866645502,47.2548880007438
"TIGA_rural","TIDM_RURAL_VI_219",4.97732116634314,47.256594501307
"TIGA_rural","TIDM_RURAL_VI_220",4.98385616720205,47.2453686706861
"TIGA_rural","TIDM_RURAL_VI_221",4.97835900062954,47.2636638369498
"TIGA_rural","TIDM_RURAL_VI_222",4.9798850529084,47.2661542783181
"TIGA_rural","TIDM_RURAL_VI_223",4.98796383406893,47.2739513368465
"TIGA_rural","TIDM_RURAL_VI_224",4.98370333389831,47.2666288319882
"TIGA_rural","TIDM_RURAL_VI_225",4.9560361660525,47.1833281659984
"TIGA_rural","TIDM_RURAL_VI_226",4.95542349958963,47.1531523295805
"TIGA_rural","TIDM_RURAL_VI_227",4.95939916635495,47.1922726658436
"TIGA_rural","TIDM_RURAL_VI_228",4.95781972781542,47.1885708053149
"TIGA_rural","TIDM_RURAL_VI_229",4.96384700039795,47.2332996645061
"TIGA_rural","TIDM_RURAL_VI_230",4.96768849941685,47.22809066475
"TIGA_rural","TIDM_RURAL_VI_231",4.99526749949542,47.2725231622711
"TIGA_rural","TIDM_RURAL_VI_232",4.99853983258678,47.288573163194
"TIGA_rural","TIDM_RURAL_VI_233",4.99722516696618,47.2862991635916
"TIGA_rural","TIDM_RURAL_VI_234",4.96783366738748,47.216706170677
"TIGA_rural","TIDM_RURAL_VI_235",4.96741266716281,47.2296540021034
"TIGA_rural","TIDM_RURAL_VI_236",4.97988333290391,47.2092171636136
"TIGA_rural","TIDM_RURAL_VI_237",4.96824750039416,47.331447334651
"TIGA_rural","TIDM_RURAL_VI_238",4.97389433263834,47.2317761648197
"TIGA_rural","TIDM_RURAL_VI_239",4.96513616651567,47.2032236657616
"TIGA_rural","TIDM_RURAL_VI_240",4.85611816708198,47.1556883362284
"TIGA_rural","TIDM_RURAL_VI_241",4.85911719609736,47.1573599353767
"TIGA_rural","TIDM_RURAL_VI_242",4.96263916680524,47.1933224997272
"TIGA_rural","TIDM_RURAL_VI_243",4.9667056665222,47.2437005009306
"TIGA_rural","TIDM_RURAL_VI_244",4.95830149992839,47.1825388298283
"TIGA_rural","TIDM_RURAL_VI_245",4.88359266660463,47.1680173351423
"TIGA_rural","TIDM_RURAL_VI_246",4.84388750015005,47.1602793314502
"TIGA_rural","TIDM_RURAL_VI_247",4.87192066666705,47.1340176667132
"TIGA_rural","TIDM_RURAL_VI_248",4.84272566660668,47.144223337273
"TIGA_rural","TIDM_RURAL_VI_249",4.98165506969751,47.2814784609475
"TIGA_rural","TIDM_RURAL_VI_250",4.99871366612589,47.2852044982336
"TIGA_rural","TIDM_RURAL_VI_251",4.96520266647337,47.208232167678
"TIGA_rural","TIDM_RURAL_VI_252",4.83717966709073,47.1425000008645
"TIGA_rural","TIDM_RURAL_VI_253",4.98158583298114,47.2459429980413
"TIGA_rural","TIDM_RURAL_VI_254",4.87815533463189,47.1441978754832
"TIGA_rural","TIDM_RURAL_VI_255",4.98289566717574,47.265462670929
"TIGA_rural","TIDM_RURAL_VI_256",4.9988321671757,47.2892586646789
"TIGA_rural","TIDM_RURAL_VI_257",4.84875800061389,47.1402040028867
"TIGA_rural","TIDM_RURAL_VI_258",4.85592783279337,47.1416143354047
"TIGA_rural","TIDM_RURAL_VI_259",4.85806716647653,47.1803378345061
"TIGA_rural","TIDM_RURAL_VI_260",4.95787233289876,47.1898131698643
"TIGA_rural","TIDM_RURAL_VI_261",4.92807950015309,47.1551856688999
"TIGA_rural","TIDM_RURAL_VI_262",4.97743566700264,47.2442746702639
"TIGA_rural","TIDM_RURAL_VI_263",4.98224301379152,47.2672636519645
"TIGA_rural","TIDM_RURAL_VI_264",4.9992271661766,47.286255669043
"TIGA_rural","TIDM_RURAL_VI_265",4.96620766642679,47.3172148355624
"Bioindicateur2","B09BIO",1.973523,48.89634
"Bioindicateur2","B09DUB",1.973523,48.89634
"Bioindicateur2","B09FUM",1.973523,48.89634
"Bioindicateur2","B09M103C",3.047961,50.44556
"Bioindicateur2","B09M117C",3.047961,50.44556
"Bioindicateur2","B09MTEC",3.047961,50.44556
"Bioindicateur2","B09OMR",1.973523,48.89634
"Bioindicateur2","B09TEM",1.973523,48.89634
"Bioindicateur2","B10AUPTé",3.372364,45.39225
"Bioindicateur2","B10G0ES",4.930058,44.97686
"Bioindicateur2","B10GOBA",4.930058,44.97686
"Bioindicateur2","B10GOBS",4.930058,44.97686
"Bioindicateur2","B10GOEA",4.930058,44.97686
"Bioindicateur2","B10GOES",4.930058,44.97686
"Bioindicateur2","B10GORA",4.930058,44.97686
"Bioindicateur2","B10GORS",4.930058,44.97686
"Bioindicateur2","B10THLA",5.021414,45.81449
"Bioindicateur2","B10THLT",5.021414,45.81449
"Bioindicateur2","B10THTR",5.021414,45.81449
"Bioindicateur2","B10THTS",5.021414,45.81449
"Bioindicateur2","B10YVGC",0.7582528,49.61934
"Bioindicateur2","B10YVPP",0.7582528,49.61934
"Bioindicateur2","B10YVSI",0.7582528,49.61934
"Bioindicateur2","B10YVSII",0.7582528,49.61934
"Bioindicateur2","B10YVSIII",0.7582528,49.61934
"Bioindicateur2","B10YVSIV",0.7582528,49.61934
